399,Legend_Berial,0.0,0.0.0.0.0,0,0,1,0,0,0,0,0,0,0,0,EF_CLASS,66,EF_RANGE,6,0.0.0.0
400,Healing_Potion(S),53.0,0.0.0.0.0,0,150,0,0,0,0,0,0,0,0,0,EF_CLASS,255,EF_VOLATILE,1,EF_HP,50,0.0.0.0
401,Healing_Potion(M),54.0,0.0.0.0.0,0,500,0,0,0,0,0,0,0,0,0,EF_CLASS,255,EF_VOLATILE,1,EF_HP,200,0.0.0.0
402,Healing_Potion(ML),54.0,0.0.0.0.0,0,800,0,0,0,0,0,0,0,0,0,EF_CLASS,255,EF_VOLATILE,1,EF_HP,300,0.0.0.0
403,Healing_Potion(L),55.0,0.0.0.0.0,0,1800,0,0,0,0,0,0,0,0,0,EF_CLASS,255,EF_VOLATILE,1,EF_HP,400,0.0.0.0
404,Healing_Potion(XL),55.0,0.0.0.0.0,0,2000,0,0,0,0,0,0,0,0,0,EF_CLASS,255,EF_VOLATILE,1,EF_HP,500,0.0.0.0
405,Mana_Potion(S),56.0,0.0.0.0.0,0,200,0,0,0,0,0,0,0,0,0,EF_CLASS,255,EF_VOLATILE,1,EF_MP,50,0.0.0.0
406,Mana_Potion(M),57.0,0.0.0.0.0,0,500,0,0,0,0,0,0,0,0,0,EF_CLASS,255,EF_VOLATILE,1,EF_MP,200,0.0.0.0
407,Mana_Potion(ML),57.0,0.0.0.0.0,0,800,0,0,0,0,0,0,0,0,0,EF_CLASS,255,EF_VOLATILE,1,EF_MP,300,0.0.0.0
408,Mana_Potion(L),58.0,0.0.0.0.0,0,1800,0,0,0,0,0,0,0,0,0,EF_CLASS,255,EF_VOLATILE,1,EF_MP,400,0.0.0.0
409,Mana_Potion(XL),58.0,0.0.0.0.0,0,2000,0,0,0,0,0,0,0,0,0,EF_CLASS,255,EF_VOLATILE,1,EF_MP,500,0.0.0.0
410,Recall_Scroll,72.0,0.0.0.0.0,0,1500,0,0,0,0,0,0,0,0,0,EF_VOLATILE,11,EF_NOTRADE,1,0.0.0.0
454,Gold_Coin_1,50.0,0.0.0.0.0,0,0,0,0,0,0,0,0,0,0,0,EF_CLASS,255,EF_VOLATILE,2,EF_NEWVALUE93,1,EF_NOTRADE,2,0.0.0.0
470,Magical_Pill,67.0,0.0.0.0.0,0,0,0,0,0,0,0,0,0,0,0,EF_CLASS,255,EF_VOLATILE,6,EF_QUEST,1,0.0.0.0
473,Christmas_Gift_Box,45.0,0.0.0.0.0,0,0,0,0,0,0,0,0,0,0,0,EF_VOLATILE,60,EF_NOTRADE,1,0.1.0.0
475,Treasure_Box,45.0,0.0.0.0.0,0,0,0,0,0,0,0,0,0,0,0,EF_NOTRADE,1,0.0.0.0
477,Mission_1_Treasure_Box,45.0,0.0.0.0.0,0,0,0,0,0,0,0,0,0,0,0,EF_NOTRADE,2,0.1.0.0
478,Mission_2_Treasure_Box,45.0,0.0.0.0.0,0,0,0,0,0,0,0,0,0,0,0,EF_NOTRADE,2,0.1.0.0
479,Mission_3_Treasure_Box,45.0,0.0.0.0.0,0,0,0,0,0,0,0,0,0,0,0,EF_NOTRADE,2,0.1.0.0
542,Moon_Stone,25.0,0.0.0.0.0,0,0,3840,0,0,0,0,0,0,0,0,EF_CLASS,255,EF_AC,0,EF_SANC,3,EF_NEWVALUE93,1,0.1.0.0
567,Arcane_Amulet,2861.0,150.0.0.0.0,0,150000,512,0,22,0,0,0,0,0,0,EF_CLASS,255,EF_SPECIAL1,15,EF_REFLEVEL,5,EF_HPADD,10,0.0.0.0
568,Arcane_Amulet,2861.0,150.0.0.0.0,0,150000,512,0,22,0,0,0,0,0,0,EF_CLASS,255,EF_SPECIALALL,15,EF_REFLEVEL,5,EF_MPADD,10,0.0.0.0
569,Arcane_Amulet,2861.0,150.0.0.0.0,0,150000,512,0,22,0,0,0,0,0,0,EF_CLASS,255,EF_SPECIAL3,15,EF_REFLEVEL,5,0.0.0.0
570,Arcane_Amulet,2861.0,150.0.0.0.0,0,150000,512,0,22,0,0,0,0,0,0,EF_CLASS,255,EF_SPECIAL4,15,EF_REFLEVEL,5,0.0.0.0
578,Adamantite_Ore,2.6,0.0.0.0.0,34,2500,0,0,0,0,0,0,0,0,0,EF_VOLATILE,9,EF_NEWVALUE93,1,0.1.0.0
599,Fragrant_Pouch,319.0,0.0.0.0.0,0,50000,0,0,0,0,0,0,0,0,0,EF_CLASS,0,EF_RESISTALL,0,EF_NOTRADE,1,0.1.0.0
600,Dumplings,320.0,0.0.0.0.0,0,40000,0,0,0,0,0,0,0,0,0,EF_CLASS,255,EF_VOLATILE,53,0.1.0.0
616,Wisdom_Pearl,494.0,0.0.0.0.0,0,50000,0,0,0,0,0,0,0,0,0,EF_CLASS,0,EF_REFLEVEL,5,EF_NEWVALUE93,1,EF_NOTRADE,0,0.1.0.0
617,Jusitce_Pearl,495.0,0.0.0.0.0,0,50000,0,0,0,0,0,0,0,0,0,EF_CLASS,0,EF_REFLEVEL,5,EF_NEWVALUE93,1,0.1.0.0
618,Victory_Pearl,496.0,0.0.0.0.0,0,50000,0,0,0,0,0,0,0,0,0,EF_CLASS,0,EF_REFLEVEL,5,0.1.0.0
619,Glory_Pearl,497.0,0.0.0.0.0,0,50000,0,0,0,0,0,0,0,0,0,EF_CLASS,0,EF_REFLEVEL,5,0.1.0.0
620,Boundless_Pearl,498.0,0.0.0.0.0,0,50000,0,0,0,0,0,0,0,0,0,EF_CLASS,255,EF_REFLEVEL,5,EF_NEWVALUE93,1,0.1.0.0
646,Secret_Medicine_Of_Courage,2886.0,0.0.0.0.0,0,150000,0,0,0,0,0,0,0,0,0,EF_CLASS,255,EF_AMOUNT,10,EF_VOLATILE,230,0.5.0.0
647,Wonder_Drug_Of_Courage,2886.0,0.0.0.0.0,0,300000,0,0,0,0,0,0,0,0,0,EF_CLASS,255,EF_AMOUNT,10,EF_VOLATILE,230,0.5.0.0
673,Hell_Gate's_Marker,80.0,0.0.0.0.0,0,10000,0,0,0,0,0,0,0,0,0,EF_CLASS,0,EF_NOTRADE,2,0.1.0.0
684,HP_Potion_Box(XL),85.0,0.0.0.0.0,0,1000000,0,0,0,0,0,0,0,0,0,EF_CLASS,255,EF_VOLATILE,1,EF_HP,1000,EF_AMOUNT,120,0.0.0.0
685,HP_Potion_Box(XXL),85.0,0.0.0.0.0,0,36000,0,0,0,0,0,0,0,0,0,EF_CLASS,255,EF_VOLATILE,1,EF_HP,1000,EF_AMOUNT,120,0.0.0.0
690,MP_Potion_Box(XL),89.0,0.0.0.0.0,0,1000000,0,0,0,0,0,0,0,0,0,EF_CLASS,255,EF_VOLATILE,1,EF_MP,1000,EF_AMOUNT,120,0.0.0.0
691,MP_Potion_Box(XXL),89.0,0.0.0.0.0,0,36000,0,0,0,0,0,0,0,0,0,EF_CLASS,255,EF_VOLATILE,1,EF_MP,1000,EF_AMOUNT,120,0.0.0.0
697,Sapphire,935.0,0.0.0.0.0,0,800000,0,0,0,0,0,0,0,0,0,EF_CLASS,255,EF_SANC,5,0.1.0.0
699,Warp_Scroll,16.0,0.0.0.0.0,0,5000,0,0,0,0,0,0,0,0,0,EF_VOLATILE,13,0.1.0.0
747,Atila's_Crown,18.0,219.0.0.0.0,0,0,2,0,26,0,0,0,0,0,0,EF_CLASS,255,EF_MPADD,35,EF_HPADD,35,EF_AC,550,EF_RESISTALL,25,EF_NOTRADE,1,EF_LWORDGUILD,50,0.0.0.0
753,Imp,46.0,105.0.0.0.0,0,500000,8192,0,0,0,0,0,0,0,0,EF_CLASS,255,EF_DAMAGE,5,EF_MAGIC,1,EF_AC,1,EF_REFLEVEL,2,0.0.0.0
769,Naiads,9.0,105.0.0.0.0,0,4000,8192,0,0,0,0,0,0,0,0,EF_CLASS,255,EF_DAMAGE,5,EF_MAGIC,1,EF_REFLEVEL,3,EF_NOTRADE,1,0.0.0.0
772,Darkness_Jewelry,2905.0,0.0.0.0.0,0,10000,0,0,0,0,0,0,0,0,0,EF_NEWVALUE93,1,0.1.0.0
777,Water_Scroll(Mystic)LV1,507.0,0.0.0.0.0,0,300,0,0,0,0,0,0,0,0,0,EF_VOLATILE,21,EF_SANC,3,EF_NEWVALUE93,1,0.120.0.0
801,Club,801.0,2.9.0.0.0,41,0,192,2451,0,0,0,0,0,0,0,EF_CLASS,255,EF_DAMAGE,5,EF_RANGE,1,EF_WTYPE,1,EF_REFLEVEL,1,0.0.0.0
802,Hand_Axe,802.0,15.34.0.0.0,41,0,192,2455,0,0,0,0,0,0,0,EF_CLASS,255,EF_DAMAGE,19,EF_RANGE,1,EF_WTYPE,11,EF_REFLEVEL,1,0.0.0.0
817,Wooden_Bow,817.0,15.16.0.25.0,42,0,64,2515,0,0,0,0,0,0,0,EF_CLASS,10,EF_DAMAGE,20,EF_RANGE,5,EF_WTYPE,101,EF_REFLEVEL,1,0.0.0.0
831,Bagnow,837.0,3.8.0.0.9,43,0,64,2571,0,0,0,0,0,0,0,EF_CLASS,9,EF_DAMAGE,8,EF_RANGE,0,EF_WTYPE,41,EF_REFLEVEL,1,0.0.0.0
832,Knuckle_Cutter,838.0,17.19.0.0.26,43,0,64,2575,0,0,0,0,0,0,0,EF_CLASS,9,EF_DAMAGE,28,EF_RANGE,0,EF_WTYPE,41,EF_REFLEVEL,1,0.0.0.0
861,Dagger,863.0,0.0.0.0.0,45,0,192,2691,0,0,0,0,0,0,0,EF_CLASS,255,EF_DAMAGE,2,EF_RANGE,1,EF_WTYPE,1,EF_REFLEVEL,1,0.0.0.0
892,War_Rod,832.0,16.14.30.0.0,47,0,64,2815,0,0,0,0,0,0,0,EF_CLASS,2,EF_DAMAGE,21,EF_RANGE,2,EF_WTYPE,32,EF_MAGIC,10,EF_REFLEVEL,1,0.0.0.0
996,Santa_Carbunkle_Wand,734.0,0.0.0.0.0,47,0,64,0,0,0,0,0,0,0,0,EF_CLASS,255,EF_RANGE,1,EF_WTYPE,31,EF_NOTRADE,1,0.0.0.0
997,Heaven_Of_Shard,2906.0,1.0.0.0.0,45,0,64,0,0,0,0,0,0,0,0,EF_CLASS,255,EF_DAMAGE,296,EF_RANGE,2,EF_WTYPE,1,EF_REFLEVEL,6,EF_NOTRADE,2,EF_TRANS,3,0.0.0.0
998,Heaven_Of_Isis,2907.0,1.0.0.0.0,42,0,64,0,0,0,0,0,0,0,0,EF_CLASS,255,EF_DAMAGE,351,EF_RANGE,5,EF_WTYPE,101,EF_ATTSPEED,1,EF_REFLEVEL,6,EF_NOTRADE,2,0.0.0.0
999,Heaven_Of_Garve,2909.0,1.0.0.0.0,44,0,64,0,0,0,0,0,0,0,0,EF_CLASS,255,EF_DAMAGE,269,EF_RANGE,2,EF_WTYPE,21,EF_MAGIC,63,EF_REFLEVEL,6,EF_NOTRADE,2,0.0.0.0
1000,Heaven_Of_Staff,2908.0,1.0.0.0.0,47,0,64,0,0,0,0,0,0,0,0,EF_CLASS,255,EF_DAMAGE,230,EF_RANGE,2,EF_WTYPE,32,EF_MAGIC,65,EF_REFLEVEL,6,EF_NOTRADE,2,0.0.0.0
1005,Unique_Axe,2918.0,285.0.0.0.0,41,1500,192,2491,0,0,0,0,0,0,0,EF_CLASS,255,EF_DAMAGE,385,EF_RANGE,2,EF_WTYPE,11,EF_TRANS,3,EF_REFLEVEL,6,EF_FAME,1,EF_NOTRADE,1,EF_HWORDGUILD,25,0.0.0.0
1006,Unique_Bow,2917.0,290.0.0.0.0,42,1500,64,2551,0,0,0,0,0,0,0,EF_CLASS,255,EF_DAMAGE,477,EF_RANGE,5,EF_WTYPE,101,EF_ATTSPEED,1,EF_TRANS,3,EF_REFLEVEL,6,EF_FAME,1,EF_NOTRADE,1,EF_HWORDGUILD,40,0.0.0.0
1007,Unique_Claw,2916.0,282.0.0.0.0,43,1500,64,2611,0,0,0,0,0,0,0,EF_CLASS,255,EF_DAMAGE,563,EF_RANGE,1,EF_WTYPE,41,EF_AC,55,EF_TRANS,3,EF_REFLEVEL,6,EF_DEX,160,EF_FAME,1,EF_NOTRADE,1,EF_HWORDGUILD,40,0.0.0.0
1008,Unique_Spear,2914.0,290.0.0.0.0,44,1500,64,2671,0,0,0,0,0,0,0,EF_CLASS,255,EF_DAMAGE,337,EF_RANGE,2,EF_WTYPE,21,EF_MAGIC,87,EF_TRANS,3,EF_REFLEVEL,6,EF_FAME,1,EF_NOTRADE,1,EF_HWORDGUILD,40,0.0.0.0
1009,Unique_Shard,2913.0,285.0.0.0.0,45,1500,192,2731,0,0,0,0,0,0,0,EF_CLASS,255,EF_DAMAGE,383,EF_RANGE,2,EF_WTYPE,1,EF_TRANS,3,EF_REFLEVEL,6,EF_FAME,1,EF_NOTRADE,1,EF_HWORDGUILD,25,0.0.0.0
1010,Unique_Cross,2921.0,284.0.0.0.0,46,1500,64,2791,0,0,0,0,0,0,0,EF_CLASS,255,EF_DAMAGE,410,EF_RANGE,4,EF_WTYPE,103,EF_ATTSPEED,1,EF_TRANS,3,EF_REFLEVEL,6,EF_FAME,1,EF_NOTRADE,1,EF_HWORDGUILD,25,0.0.0.0
1011,Unique_Rune_Rod,2919.0,288.0.0.0.0,47,1500,192,2863,0,0,0,0,0,0,0,EF_CLASS,255,EF_DAMAGE,169,EF_RANGE,1,EF_WTYPE,31,EF_MAGIC,53,EF_TRANS,3,EF_REFLEVEL,6,EF_FAME,1,EF_NOTRADE,1,EF_HWORDGUILD,25,0.0.0.0
1012,Unique_Zen_Rod,2915.0,284.0.0.0.0,47,1500,64,2859,0,0,0,0,0,0,0,EF_CLASS,255,EF_DAMAGE,271,EF_RANGE,2,EF_WTYPE,32,EF_MAGIC,96,EF_TRANS,3,EF_REFLEVEL,6,EF_FAME,1,EF_NOTRADE,1,EF_HWORDGUILD,40,0.0.0.0
1013,Unique_Beaker,2923.0,290.0.0.0.0,48,1500,64,2895,0,0,0,0,0,0,0,EF_CLASS,255,EF_DAMAGE,633,EF_RANGE,2,EF_WTYPE,3,EF_TRANS,3,EF_REFLEVEL,6,EF_STR,200,EF_FAME,1,EF_NOTRADE,1,EF_HWORDGUILD,40,0.0.0.0
1014,Unique_Hammer,2920.0,290.0.0.0.0,49,1500,64,2935,0,0,0,0,0,0,0,EF_CLASS,255,EF_DAMAGE,640,EF_RANGE,2,EF_WTYPE,13,EF_TRANS,3,EF_REFLEVEL,6,EF_CRITICAL,50,EF_FAME,1,EF_NOTRADE,1,EF_HWORDGUILD,40,0.0.0.0
1015,Unique_Shield,2922.0,231.0.0.0.0,51,1000,128,0,0,0,0,0,0,0,0,EF_CLASS,255,EF_AC,100,EF_TRANS,3,EF_REFLEVEL,5,EF_FAME,1,EF_NOTRADE,1,EF_LWORDGUILD,17,0.0.0.0
1017,Carnaval_Event_wand,2948.0,0.0.0.0.0,0,0,192,0,0,0,0,0,0,0,0,EF_CLASS,255,EF_RANGE,2,EF_WTYPE,1,EF_NOTRADE,1,0.0.0.0
1238,Tivas_Breastplate,46.0,227.0.0.0.0,50,1000,4,2187,1,0,0,0,0,0,0,EF_CLASS,1,EF_AC,185,EF_CRITICAL,45,EF_HPADD,14,EF_REFLEVEL,5,EF_TRANS,3,EF_FAME,1,EF_NOTRADE,1,EF_LWORDGUILD,0,0.0.0.0
1239,Tivas_Pants,46.0,230.0.0.0.0,50,1000,8,2188,1,0,0,0,0,0,0,EF_CLASS,1,EF_AC,150,EF_CRITICAL,45,EF_HPADD,14,EF_REFLEVEL,5,EF_TRANS,3,EF_FAME,1,EF_NOTRADE,1,EF_LWORDGUILD,0,0.0.0.0
1240,Tivas_Gloves,46.0,220.0.0.0.0,50,1000,16,2189,1,0,0,0,0,0,0,EF_CLASS,1,EF_AC,97,EF_ACADD,17,EF_MPADD,14,EF_REFLEVEL,5,EF_TRANS,3,EF_FAME,1,EF_NOTRADE,1,EF_LWORDGUILD,0,0.0.0.0
1241,Tivas_Boots,46.0,223.0.0.0.0,50,1000,32,2190,1,0,0,0,0,0,0,EF_CLASS,1,EF_AC,100,EF_RUNSPEED,2,EF_REGENMP,60,EF_DAMAGE,24,EF_REFLEVEL,5,EF_TRANS,3,EF_FAME,1,EF_NOTRADE,1,EF_LWORDGUILD,0,0.0.0.0
1263,Stole_Tunic(Normal),1.0,0.0.0.0.0,11,500,4,0,1,0,0,0,0,0,0,EF_CLASS,2,EF_AC,3,EF_HPADD,3,EF_REFLEVEL,1,EF_NOTRADE,1,0.0.0.0
1275,Stole_Skirt(Normal),1.0,0.0.0.0.0,11,500,8,0,1,0,0,0,0,0,0,EF_CLASS,2,EF_AC,2,EF_HPADD,1,EF_REFLEVEL,1,EF_NOTRADE,1,0.0.0.0
1287,Stole_Gloves(Normal),1.0,0.0.0.0.0,11,200,16,0,1,0,0,0,0,0,0,EF_CLASS,2,EF_AC,1,EF_MPADD,1,EF_REFLEVEL,1,EF_NOTRADE,1,0.0.0.0
1299,Stole_Boots(Normal),1.0,0.0.0.0.0,11,400,32,0,1,0,0,0,0,0,0,EF_CLASS,2,EF_AC,1,EF_REGENMP,5,EF_RUNSPEED,1,EF_REFLEVEL,1,EF_NOTRADE,1,0.0.0.0
1373,Njord_Tunic,46.0,227.0.0.0.0,50,1000,4,2207,1,0,0,0,0,0,0,EF_CLASS,2,EF_AC,185,EF_CRITICAL,45,EF_HPADD,14,EF_REFLEVEL,5,EF_TRANS,3,EF_FAME,1,EF_NOTRADE,1,EF_LWORDGUILD,0,0.0.0.0
1374,Njord_Pants,46.0,230.0.0.0.0,50,1000,8,2208,1,0,0,0,0,0,0,EF_CLASS,2,EF_AC,150,EF_CRITICAL,45,EF_HPADD,14,EF_REFLEVEL,5,EF_TRANS,3,EF_FAME,1,EF_NOTRADE,1,EF_LWORDGUILD,0,0.0.0.0
1375,Njord_Gloves,46.0,220.0.0.0.0,50,1000,16,2209,1,0,0,0,0,0,0,EF_CLASS,2,EF_AC,97,EF_ACADD,17,EF_MPADD,14,EF_REFLEVEL,5,EF_TRANS,3,EF_FAME,1,EF_NOTRADE,1,EF_LWORDGUILD,0,0.0.0.0
1376,Njord_Boots,46.0,223.0.0.0.0,50,1000,32,2210,1,0,0,0,0,0,0,EF_CLASS,2,EF_AC,100,EF_RUNSPEED,2,EF_REGENMP,60,EF_DAMAGE,24,EF_REFLEVEL,5,EF_TRANS,3,EF_FAME,1,EF_NOTRADE,1,EF_LWORDGUILD,0,0.0.0.0
1523,Vidar_Breastplate,46.0,227.0.0.0.0,50,1000,4,2247,1,0,0,0,0,0,0,EF_CLASS,4,EF_AC,185,EF_CRITICAL,45,EF_HPADD,14,EF_REFLEVEL,5,EF_TRANS,3,EF_FAME,1,EF_NOTRADE,1,EF_LWORDGUILD,0,0.0.0.0
1524,Vidar_Pants,46.0,230.0.0.0.0,50,1000,8,2248,1,0,0,0,0,0,0,EF_CLASS,4,EF_AC,150,EF_CRITICAL,45,EF_HPADD,14,EF_REFLEVEL,5,EF_TRANS,3,EF_FAME,1,EF_NOTRADE,1,EF_LWORDGUILD,0,0.0.0.0
1525,Vidar_Gloves,46.0,220.0.0.0.0,50,1000,16,2249,1,0,0,0,0,0,0,EF_CLASS,4,EF_AC,97,EF_ACADD,17,EF_MPADD,14,EF_REFLEVEL,5,EF_TRANS,3,EF_FAME,1,EF_NOTRADE,1,EF_LWORDGUILD,0,0.0.0.0
1526,Vidar_Boots,46.0,223.0.0.0.0,50,1000,32,2250,1,0,0,0,0,0,0,EF_CLASS,4,EF_AC,100,EF_RUNSPEED,2,EF_REGENMP,60,EF_DAMAGE,24,EF_REFLEVEL,5,EF_TRANS,3,EF_FAME,1,EF_NOTRADE,1,EF_LWORDGUILD,0,0.0.0.0
1673,Loki_Breast,46.0,227.0.0.0.0,50,1000,4,2247,1,0,0,0,0,0,0,EF_CLASS,8,EF_AC,185,EF_CRITICAL,45,EF_HPADD,14,EF_REFLEVEL,5,EF_TRANS,3,EF_FAME,1,EF_NOTRADE,1,EF_LWORDGUILD,0,0.0.0.0
1674,Loki_Pants,46.0,230.0.0.0.0,50,1000,8,2248,1,0,0,0,0,0,0,EF_CLASS,8,EF_AC,150,EF_CRITICAL,45,EF_HPADD,14,EF_REFLEVEL,5,EF_TRANS,3,EF_FAME,1,EF_NOTRADE,1,EF_LWORDGUILD,0,0.0.0.0
1675,Loki_Brace,46.0,220.0.0.0.0,50,1000,16,2249,1,0,0,0,0,0,0,EF_CLASS,8,EF_AC,97,EF_ACADD,17,EF_MPADD,14,EF_REFLEVEL,5,EF_TRANS,3,EF_FAME,1,EF_NOTRADE,1,EF_LWORDGUILD,0,0.0.0.0
1676,Loki_Boots,46.0,223.0.0.0.0,50,1000,32,2250,1,0,0,0,0,0,0,EF_CLASS,8,EF_AC,100,EF_RUNSPEED,2,EF_REGENMP,60,EF_DAMAGE,24,EF_REFLEVEL,5,EF_TRANS,3,EF_FAME,1,EF_NOTRADE,1,EF_LWORDGUILD,0,0.0.0.0
1701,Wood_Shield,845.0,0.0.0.0.0,51,0,128,0,0,0,0,0,0,0,0,EF_CLASS,255,EF_AC,2,EF_REFLEVEL,1,0.0.0.0
1702,Buckler,846.0,13.20.0.15.0,51,0,128,0,0,0,0,0,0,0,0,EF_CLASS,255,EF_AC,6,EF_REFLEVEL,1,0.0.0.0
1721,Snowball,729.0,0.0.0.0.0,0,0,0,0,0,0,0,0,0,0,0,EF_NEWVALUE93,1,0.0.0.0
1722,Twig,730.0,0.0.0.0.0,0,0,0,0,0,0,0,0,0,0,0,EF_NEWVALUE93,1,0.1.0.0
1723,Straw,733.0,0.0.0.0.0,0,0,0,0,0,0,0,0,0,0,0,EF_NEWVALUE93,1,0.1.0.0
1724,Hat,731.0,0.0.0.0.0,0,0,0,0,0,0,0,0,0,0,0,EF_NEWVALUE93,1,0.1.0.0
1725,Carrot,732.0,0.0.0.0.0,0,0,0,0,0,0,0,0,0,0,0,EF_NEWVALUE93,1,0.1.0.0
1731,Challenge(Arcane),987.0,0.0.0.0.0,0,500000,0,0,0,0,0,0,0,0,0,EF_VOLATILE,20,0.120.0.0
1738,Lover's_Seat,735.0,0.0.0.0.0,0,50000,2048,0,0,0,0,0,0,0,0,EF_CLASS,255,EF_HP,100,EF_RESISTALL,10,EF_REFLEVEL,5,EF_NOTRADE,1,0.1.0.0
1739,Love_Chocolate,736.0,0.0.0.0.0,0,100,0,0,0,0,0,0,0,0,0,EF_CLASS,255,EF_VOLATILE,60,EF_AMOUNT,1,EF_NOTRADE,1,EF_NEWVALUE93,1,0.1.0.0
1742,Eternal_Stone,747.0,0.0.0.0.0,0,5000,1024,0,0,0,0,0,0,0,0,EF_CLASS,255,0.1.0.0
1922,Taron_Weapon,769.0,0.0.0.0.0,0,0,192,0,0,0,0,0,0,0,0,EF_CLASS,255,EF_RANGE,2,EF_WTYPE,1,EF_NOTRADE,1,0.0.0.0
1924,Batman_Weapon,769.0,0.0.0.0.0,0,0,192,0,0,0,0,0,0,0,0,EF_CLASS,255,EF_RANGE,2,EF_WTYPE,1,EF_NOTRADE,1,0.0.0.0
1926,Lich_Staff,769.0,0.0.0.0.0,0,0,192,0,0,0,0,0,0,0,0,EF_CLASS,255,EF_RANGE,2,EF_WTYPE,33,EF_NOTRADE,1,0.0.0.0
1929,Valkyrie's_Sword,769.0,0.0.0.0.0,0,0,192,0,0,0,0,0,0,0,0,EF_CLASS,255,EF_RANGE,2,EF_WTYPE,1,EF_NOTRADE,1,0.0.0.0
2310,Parade_Horse's_Egg,943.0,200.0.0.0.0,0,980000,16384,0,0,0,0,0,0,20,10,EF_CLASS,255,EF_INCUBATE,4,EF_TRANS,0,0.0.0.0
2315,Parade_Horse's_Egg,944.0,200.0.0.0.0,0,980000,16384,0,0,0,0,0,0,20,15,EF_CLASS,255,EF_INCUBATE,4,EF_TRANS,0,0.0.0.0
2321,Unicorn's_Egg,300.0,219.0.0.0.0,0,1440000,16384,0,0,0,0,0,0,20,21,EF_CLASS,255,EF_INCUBATE,5,EF_TRANS,0,0.0.0.0
2322,Pegasus'_Egg,300.0,219.0.0.0.0,0,1440000,16384,0,0,0,0,0,0,20,22,EF_CLASS,255,EF_INCUBATE,5,EF_TRANS,0,0.0.0.0
2323,Unisus'_Egg,300.0,219.0.0.0.0,0,1440000,16384,0,0,0,0,0,0,20,23,EF_CLASS,255,EF_INCUBATE,5,EF_TRANS,0,0.0.0.0
2324,Griffin's_Egg,301.0,255.0.0.0.0,0,1440000,16384,0,0,0,0,0,0,20,24,EF_CLASS,255,EF_INCUBATE,6,EF_TRANS,0,0.0.0.0
2325,Hippogriff's_Egg,301.0,255.0.0.0.0,0,1440000,16384,0,0,0,0,0,0,20,25,EF_CLASS,255,EF_INCUBATE,6,EF_TRANS,0,0.0.0.0
2340,Parade_Horse's_Baby,953.0,200.0.0.0.0,0,500000,16384,0,0,0,0,0,0,21,10,EF_CLASS,255,EF_TRANS,0,0.0.0.0
2345,Parade_Horse's_Baby,954.0,200.0.0.0.0,0,500000,16384,0,0,0,0,0,0,21,15,EF_CLASS,255,EF_TRANS,0,0.0.0.0
2351,Unicorn's_Baby,312.0,219.0.0.0.0,0,700000,16384,0,0,0,0,0,0,21,21,EF_CLASS,255,EF_TRANS,0,0.0.0.0
2352,Pegasus'_Baby,312.0,219.0.0.0.0,0,700000,16384,0,0,0,0,0,0,21,22,EF_CLASS,255,EF_TRANS,0,0.0.0.0
2353,Griffon's_Baby,312.0,219.0.0.0.0,0,700000,16384,0,0,0,0,0,0,21,23,EF_CLASS,255,EF_TRANS,0,0.0.0.0
2354,Griffin's_Baby,313.0,255.0.0.0.0,0,700000,16384,0,0,0,0,0,0,21,24,EF_CLASS,255,EF_TRANS,0,0.0.0.0
2355,Hippogriff's_Baby,313.0,255.0.0.0.0,0,700000,16384,0,0,0,0,0,0,21,25,EF_CLASS,255,EF_TRANS,0,0.0.0.0
2370,Parade_Horse,26.0,200.0.0.0.0,0,500000,16384,0,0,0,0,0,0,22,10,EF_CLASS,255,EF_TRANS,0,0.0.0.0
2375,Parade_Horse,31.0,200.0.0.0.0,0,500000,16384,0,0,0,0,0,0,22,15,EF_CLASS,255,EF_TRANS,0,0.0.0.0
2378,Fauness,34.0,200.0.0.0.0,0,700000,16384,0,0,0,0,0,0,22,18,EF_CLASS,255,EF_NOTRADE,1,0.0.0.0
2381,Unicorn,35.0,219.0.0.0.0,0,850000,16384,0,0,0,0,0,0,22,21,EF_CLASS,255,EF_TRANS,0,0.0.0.0
2382,Pegasus,36.0,219.0.0.0.0,0,850000,16384,0,0,0,0,0,0,22,22,EF_CLASS,255,EF_TRANS,0,0.0.0.0
2383,Unisus,36.0,219.0.0.0.0,0,850000,16384,0,0,0,0,0,0,22,23,EF_CLASS,255,EF_TRANS,0,0.0.0.0
2384,Griffin,37.0,255.0.0.0.0,0,1300000,16384,0,0,0,0,0,0,22,24,EF_CLASS,255,EF_TRANS,0,0.0.0.0
2385,Hippogriff,38.0,255.0.0.0.0,0,1700000,16384,0,0,0,0,0,0,22,25,EF_CLASS,255,EF_TRANS,0,0.0.0.0
2386,Bloody_Griffon,39.0,255.0.0.0.0,0,1700000,16384,0,0,0,0,0,0,22,26,EF_CLASS,255,EF_TRANS,1,0.0.0.0
2387,Svadilfari,40.0,219.0.0.0.0,0,1300000,16384,0,0,0,0,0,0,22,27,EF_CLASS,255,EF_TRANS,1,0.0.0.0
2388,Sleipnir,41.0,219.0.0.0.0,0,1300000,16384,0,0,0,0,0,0,22,28,EF_CLASS,255,EF_TRANS,1,0.0.0.0
2389,Helriohdon,42.0,115.0.0.0.0,0,280000,16384,0,0,0,0,0,0,22,29,EF_CLASS,255,EF_NOTRADE,1,0.0.0.0
2408,Fauness's_Essence,965.0,0.0.0.0.0,0,1000,1,0,0,0,0,0,0,0,18,EF_VOLATILE,16,EF_NOTRADE,1,0.120.0.0
2419,Helriohdon's_Essence,962.0,0.0.0.0.0,0,1000,1,0,0,0,0,0,0,0,29,EF_VOLATILE,16,EF_NOTRADE,1,0.120.0.0
2420,Pig's_Feed,967.0,0.0.0.0.0,0,600,0,0,0,0,0,0,0,0,0,EF_VOLATILE,15,EF_AMOUNT,5,0.10.0.0
2421,Tamed_Boar's_Feed,968.0,0.0.0.0.0,0,1200,0,0,0,0,0,0,0,0,1,EF_VOLATILE,15,EF_AMOUNT,5,0.10.0.0
2422,Tamed_Wolf's_Feed,969.0,0.0.0.0.0,0,2000,0,0,0,0,0,0,0,0,2,EF_VOLATILE,15,EF_AMOUNT,5,0.10.0.0
2423,Dragon_Puppy's_Feed,970.0,0.0.0.0.0,0,3000,0,0,0,0,0,0,0,0,3,EF_VOLATILE,15,EF_AMOUNT,5,0.10.0.0
2424,Tamed_Bear's_Feed,971.0,0.0.0.0.0,0,4200,0,0,0,0,0,0,0,0,4,EF_VOLATILE,15,EF_AMOUNT,5,0.10.0.0
2425,Smilodon's_Feed,972.0,0.0.0.0.0,0,5600,0,0,0,0,0,0,0,0,5,EF_VOLATILE,15,EF_AMOUNT,5,0.10.0.0
2426,Horse's_Feed,973.0,0.0.0.0.0,0,10000,0,0,0,0,0,0,0,0,6,EF_VOLATILE,15,EF_AMOUNT,5,0.10.0.0
2427,Fire_Tiger's_Feed,310.0,0.0.0.0.0,0,30000,0,0,0,0,0,0,0,0,7,EF_VOLATILE,15,EF_AMOUNT,5,0.10.0.0
2428,Red_Dragon's_Feed,311.0,0.0.0.0.0,0,40000,0,0,0,0,0,0,0,0,8,EF_VOLATILE,15,EF_AMOUNT,5,0.10.0.0
2429,Unicorn's_Feed,308.0,0.0.0.0.0,0,17000,0,0,0,0,0,0,0,0,9,EF_VOLATILE,15,EF_AMOUNT,5,0.10.0.0
2430,Griffin's_Feed,309.0,0.0.0.0.0,0,19000,0,0,0,0,0,0,0,0,10,EF_VOLATILE,15,EF_AMOUNT,5,0.10.0.0
2431,N/A,308.0,0.0.0.0.0,0,44000,0,0,0,0,0,0,0,0,11,EF_VOLATILE,15,EF_AMOUNT,5,0.10.0.0
2432,N/A,308.0,0.0.0.0.0,0,44000,0,0,0,0,0,0,0,0,12,EF_VOLATILE,15,EF_AMOUNT,5,0.10.0.0
2433,N/A,974.0,0.0.0.0.0,0,7000,0,0,0,0,0,0,0,0,13,EF_VOLATILE,15,EF_AMOUNT,5,0.10.0.0
2434,N/A,974.0,0.0.0.0.0,0,8000,0,0,0,0,0,0,0,0,14,EF_VOLATILE,15,EF_AMOUNT,5,0.10.0.0
2435,N/A,974.0,0.0.0.0.0,0,10000,0,0,0,0,0,0,0,0,15,EF_VOLATILE,15,EF_AMOUNT,5,0.10.0.0
2436,Fenrir's_Feed,975.0,0.0.0.0.0,0,14000,0,0,0,0,0,0,0,0,16,EF_VOLATILE,15,EF_AMOUNT,5,0.10.0.0
2437,Dragon's_Feed,976.0,0.0.0.0.0,0,26000,0,0,0,0,0,0,0,0,17,EF_VOLATILE,15,EF_AMOUNT,5,0.10.0.0
2438,Fauness's_Feed,975.0,0.0.0.0.0,0,14000,0,0,0,0,0,0,0,0,18,EF_VOLATILE,15,EF_AMOUNT,5,0.10.0.0
2439,Helriohdon's_Feed,972.0,0.0.0.0.0,0,5600,0,0,0,0,0,0,0,0,19,EF_VOLATILE,15,EF_AMOUNT,5,0.10.0.0
2441,Diamond,977.0,0.0.0.0.0,145,600,0,0,0,0,0,0,0,0,0,EF_VOLATILE,9,0.4.0.0
2442,Emerald,978.0,0.0.0.0.0,146,600,0,0,0,0,0,0,0,0,0,EF_VOLATILE,9,0.4.0.0
2443,Coral,979.0,0.0.0.0.0,147,600,0,0,0,0,0,0,0,0,0,EF_VOLATILE,9,0.4.0.0
2444,Garnet,980.0,0.0.0.0.0,148,600,0,0,0,0,0,0,0,0,0,EF_VOLATILE,9,0.4.0.0
3021,Extraction_Crystal(Helmet),2873.0,0.0.0.0.0,0,0,0,0,0,0,0,0,0,0,0,EF_CLASS,255,EF_SANC,10,EF_NEWVALUE93,1,0.0.0.0
3022,Extraction_Crystal(Jaket),2873.0,0.0.0.0.0,0,0,0,0,0,0,0,0,0,0,0,EF_CLASS,255,EF_SANC,9,EF_NEWVALUE93,1,0.0.0.0
3023,Extraction_Crystal(Pants),2873.0,0.0.0.0.0,0,0,0,0,0,0,0,0,0,0,0,EF_CLASS,255,EF_SANC,9,EF_NEWVALUE93,1,0.0.0.0
3024,Extraction_Crystal(Gloves),2873.0,0.0.0.0.0,0,0,0,0,0,0,0,0,0,0,0,EF_CLASS,255,EF_SANC,9,EF_NEWVALUE93,1,0.0.0.0
3025,Extraction_Crystal(Boots),2873.0,0.0.0.0.0,0,0,0,0,0,0,0,0,0,0,0,EF_CLASS,255,EF_SANC,9,EF_NEWVALUE93,1,0.0.0.0
3026,Extraction_Crystal(Weapon),2873.0,0.0.0.0.0,0,0,0,0,0,0,0,0,0,0,0,EF_CLASS,255,EF_SANC,9,EF_NEWVALUE93,1,0.0.0.0
3027,Mythril_Ore(Damege),2901.0,0.0.0.0.0,0,20000000,0,0,0,0,0,0,0,0,0,EF_VOLATILE,235,16.120.0.0
3028,Mythril_Ore(Magic),2901.0,0.0.0.0.0,0,20000000,0,0,0,0,0,0,0,0,0,EF_VOLATILE,235,16.120.0.0
3029,Mythril_Ore(Defence),2901.0,0.0.0.0.0,0,20000000,0,0,0,0,0,0,0,0,0,EF_VOLATILE,235,16.120.0.0
3030,Mythril_Ore(Critical),2901.0,0.0.0.0.0,0,20000000,0,0,0,0,0,0,0,0,0,EF_VOLATILE,235,16.120.0.0
3031,Mythril_Ore(Resist),2901.0,0.0.0.0.0,0,20000000,0,0,0,0,0,0,0,0,0,EF_VOLATILE,235,16.120.0.0
3032,Mythril_Ore(HitBouns),2901.0,0.0.0.0.0,0,20000000,0,0,0,0,0,0,0,0,0,EF_VOLATILE,235,16.120.0.0
3171,Duel_Letter(Mystic),2730.0,0.0.0.0.0,0,500000,0,0,0,0,0,0,0,0,0,EF_VOLATILE,20,0.120.0.0
3172,Duel_Letter(Normal),2729.0,0.0.0.0.0,0,500000,0,0,0,0,0,0,0,0,0,EF_VOLATILE,20,0.120.0.0
3173,Water_Scroll(Normal)LV1,2734.0,0.0.0.0.0,0,150,0,0,0,0,0,0,0,0,0,EF_VOLATILE,131,EF_SANC,3,EF_NEWVALUE93,1,0.120.0.0
3182,Water_Scroll(Arcane)LV1,2735.0,0.0.0.0.0,0,350,0,0,0,0,0,0,0,0,0,EF_VOLATILE,161,EF_SANC,3,EF_NEWVALUE93,1,0.120.0.0
3208,Point_Jewel,2903.2,0.0.0.0.0,0,100,0,0,0,0,0,0,0,0,0,EF_CLASS,255,EF_VOLATILE,242,EF_NOTRADE,0,0.120.0.0
3209,Mana_Jewel,2903.0,0.0.0.0.0,0,100,0,0,0,0,0,0,0,0,0,EF_CLASS,255,EF_VOLATILE,242,EF_NOTRADE,0,0.120.0.0
3301,DragonSoul,0.0,0.0.0.0.0,0,0,0,0,0,0,0,0,0,0,0,EF_NEWVALUE93,1,0.0.0.0
3302,Mark_of_the_Archangel,0.0,0.0.0.0.0,0,10,0,0,0,0,0,0,0,0,0,EF_NOTRADE,1,0.0.0.0
3314,Roasted_Chicken,2731.0,0.0.0.0.0,0,200000,0,0,0,0,0,0,0,0,0,EF_CLASS,255,EF_VOLATILE,63,0.120.0.0
3318,Roasted_Chicken(Package),2731.0,0.0.0.0.0,0,250000,0,0,0,0,0,0,0,0,0,EF_CLASS,255,EF_VOLATILE,64,0.120.0.0
3322,(S)Healing_Potion_Box(P),85.0,0.0.0.0.0,0,1800,0,0,0,0,0,0,0,0,0,EF_CLASS,255,EF_VOLATILE,1,EF_HP,1000,0.0.0.0
3323,Mana_Potion_Box(P),89.0,0.0.0.0.0,0,1800,0,0,0,0,0,0,0,0,0,EF_CLASS,255,EF_VOLATILE,1,EF_MP,1000,0.0.0.0
3324,Nightmare(Normal/party),2738.0,0.0.0.0.0,0,200,0,0,0,0,0,0,0,0,0,EF_VOLATILE,173,0.0.0.0
3325,Nightmare(Mystic/party),2739.0,0.0.0.0.0,0,3000000,0,0,0,0,0,0,0,0,0,EF_VOLATILE,174,0.0.0.0
3326,Nightmare(Arcane/party),2740.0,0.0.0.0.0,0,70000000,0,0,0,0,0,0,0,0,0,EF_VOLATILE,175,0.0.0.0
3328,Hell_Gate_Ancient_Paper(Personal),2765.0,0.0.0.0.0,0,1000000,0,0,0,0,0,0,0,0,0,EF_VOLATILE,176,EF_NEWVALUE93,1,0.120.0.0
3330,Shout,2887.0,0.0.0.0.0,0,0,0,0,0,0,0,0,0,0,0,EF_VOLATILE,0,0.120.0.0
3338,Bless_Refining,2876.0,0.0.0.0.0,0,1000000,1,0,0,0,0,0,0,0,0,0.0.0.0
3358,Pancake(7days),2762.0,0.0.0.0.0,0,25000,0,0,0,0,0,0,0,0,0,EF_VOLATILE,64,0.1.0.0
3378,Wonder_Drug_Of_Courage(7Days),2886.0,0.0.0.0.0,0,1500000,0,0,0,0,0,0,0,0,0,EF_CLASS,255,EF_AMOUNT,1,EF_VOLATILE,230,0.0.0.0
3382,Master_Jewel,2902.0,0.0.0.0.0,0,0,0,0,0,0,0,0,0,0,0,EF_CLASS,255,EF_VOLATILE,242,EF_NOTRADE,1,0.0.0.0
3393,Coin_Wyden(200b/c),2778.0,0.0.0.0.0,0,0,0,0,0,0,0,0,0,0,0,EF_VOLATILE,184,EF_SANC,8,0.120.0.0
3432,Hunting_Scroll(Armia),2853.0,0.0.0.0.0,0,11000,0,0,0,0,0,0,0,0,0,EF_VOLATILE,195,EF_AMOUNT,100,0.10.0.0
3433,Hunting_Scroll(Dark_Dungeon),2854.0,0.0.0.0.0,0,11000,0,0,0,0,0,0,0,0,0,EF_VOLATILE,195,EF_AMOUNT,100,0.10.0.0
3434,Hunting_Scroll(under_world),2855.0,0.0.0.0.0,0,11000,0,0,0,0,0,0,0,0,0,EF_VOLATILE,195,EF_AMOUNT,100,0.10.0.0
3435,Hunting_Scroll(kalt_desert),2856.0,0.0.0.0.0,0,11000,0,0,0,0,0,0,0,0,0,EF_VOLATILE,195,EF_AMOUNT,100,0.10.0.0
3436,Hunting_Scroll(Kephra),2857.0,0.0.0.0.0,0,33000,0,0,0,0,0,0,0,0,0,EF_VOLATILE,195,EF_AMOUNT,100,0.10.0.0
3437,Hunting_Scroll(Niflehime),2858.0,0.0.0.0.0,0,22000,0,0,0,0,0,0,0,0,0,EF_VOLATILE,195,EF_AMOUNT,100,0.10.0.0
3454,Revival_Horse(P),2884.0,0.0.0.0.0,0,0,0,0,0,0,0,0,0,0,0,EF_VOLATILE,0,EF_AMOUNT,20,0.0.0.0
3463,Revival_Scroll,2871.0,0.0.0.0.0,0,3,0,0,0,0,0,0,0,0,0,EF_AMOUNT,100,0.0.0.0
3464,Amunla_Stone,2910.0,0.0.0.0.0,0,1000,3840,0,0,0,0,0,0,0,0,EF_CLASS,255,EF_HPADD,17,EF_REFLEVEL,4,EF_STR,100,EF_DEX,100,EF_INT,100,EF_CON,100,EF_LWORDGUILD,15,EF_TRANS,3,EF_NOTRADE,1,0.0.0.0
3507,Arcane_Circlet,2882.2,0.0.0.0.0,0,1200,2,0,26,0,0,0,0,0,0,EF_CLASS,255,EF_MPADD,20,EF_HPADD,20,EF_AC,250,EF_REFLEVEL,6,EF_TRANS,3,EF_NOTRADE,1,0.0.0.0
3508,Quest_Scroll,1907.1,0.0.0.0.0,0,22000,0,0,0,0,0,0,0,0,0,EF_VOLATILE,195,EF_AMOUNT,100,0.0.0.0
3509,Bahamut_Circlet(P),2882.2,0.0.0.0.0,0,1200,2,0,26,0,60,0,0,0,0,EF_CLASS,255,EF_MPADD,30,EF_HPADD,30,EF_AC,450,EF_RESISTALL,20,EF_REFLEVEL,6,EF_TRANS,3,EF_HWORDGUILD,30,EF_LWORDGUILD,30,EF_NOTRADE,1,0.0.0.0
3510,Anubis_Circlet(M),2882.2,0.0.0.0.0,0,1200,2,0,26,0,60,0,0,0,0,EF_CLASS,255,EF_MPADD,25,EF_HPADD,25,EF_AC,350,EF_RESISTALL,15,EF_REFLEVEL,6,EF_TRANS,3,EF_HWORDGUILD,20,EF_LWORDGUILD,20,EF_NOTRADE,1,0.0.0.0
3511,Bahamut_Circlet,2882.2,0.0.0.0.0,0,1200,2,0,26,0,60,0,0,0,0,EF_CLASS,255,EF_MPADD,30,EF_HPADD,30,EF_AC,450,EF_RESISTALL,20,EF_REFLEVEL,6,EF_TRANS,3,EF_HWORDGUILD,30,EF_LWORDGUILD,30,EF_NOTRADE,1,0.0.0.0
3512,Amunra_Circlet,2882.2,0.0.0.0.0,0,1200,2,0,26,0,60,0,0,0,0,EF_CLASS,255,EF_MPADD,25,EF_HPADD,25,EF_AC,350,EF_RESISTALL,15,EF_REFLEVEL,6,EF_TRANS,3,EF_HWORDGUILD,20,EF_LWORDGUILD,20,EF_NOTRADE,1,0.0.0.0
3919,Dragon_Guardian,46.0,105.0.0.0.0,0,0,0,0,0,0,0,0,0,0,0,EF_CLASS,255,EF_DATE,3,EF_HOUR,0,EF_MIN,0,EF_NOTRADE,1,0.0.0.0
3920,Dragon_Guardian,46.0,105.0.0.0.0,0,0,8192,0,18,0,0,0,0,0,0,EF_CLASS,255,EF_DATE,7,EF_HOUR,0,EF_MIN,0,EF_NEWVALUE91,100,0.0.0.0
3979,Loki(30days),2.0,0.0.0.0.0,0,40000,16384,0,0,0,0,0,0,23,121,EF_CLASS,255,EF_NOTRADE,1,0.0.0.0
3993,Dragon_Red,10.0,0.0.0.0.0,0,40000,16384,0,0,0,0,0,0,23,113,EF_CLASS,255,EF_NOTRADE,1,EF_HWORDGUILD,60,EF_LWORDGUILD,120,0.0.0.0
3994,Dragon_Blue,11.0,0.0.0.0.0,0,40000,16384,0,0,0,0,0,0,23,114,EF_CLASS,255,EF_NOTRADE,1,EF_HWORDGUILD,60,EF_LWORDGUILD,120,0.0.0.0
3995,Spider,12.0,0.0.0.0.0,0,40000,16384,0,17,0,0,0,0,23,115,EF_CLASS,255,EF_NOTRADE,1,0.0.0.0
3996,IcelandWolf,13.0,0.0.0.0.0,0,40000,16384,0,17,0,0,0,0,23,116,EF_CLASS,255,EF_NOTRADE,1,0.0.0.0
3997,Dragon_Lich,14.0,0.0.0.0.0,0,40000,16384,0,17,0,0,0,0,23,117,EF_CLASS,255,EF_NOTRADE,1,0.0.0.0
3998,Blood_Spider,15.0,0.0.0.0.0,0,40000,16384,0,17,0,0,0,0,23,118,EF_CLASS,255,EF_NOTRADE,1,0.0.0.0
3999,Deer,16.0,0.0.0.0.0,0,40000,16384,0,0,0,0,0,0,23,119,EF_CLASS,255,EF_NOTRADE,1,0.0.0.0
4007,Bonus_Box,45.0,0.0.0.0.0,0,0,0,0,0,0,0,0,0,0,0,0.0.0.0
4010,Silver_Wyden(100_million_gold),2779.0,0.0.0.0.0,0,5000,0,0,0,0,0,0,0,0,0,EF_VOLATILE,185,EF_SANC,4,16.1.0.0
4011,Silver_Wyden(1_billion_gold),2780.0,0.0.0.0.0,0,50000,0,0,0,0,0,0,0,0,0,EF_VOLATILE,185,EF_SANC,4,16.1.0.0
4013,Kephra's_mark,2819.0,0.0.0.0.0,0,0,0,0,0,0,0,0,0,0,0,EF_CLASS,255,EF_SANC,6,EF_NOTRADE,1,0.0.0.0
4014,Bonus_Coupon,2822.0,0.0.0.0.0,0,0,0,0,0,0,0,0,0,0,0,EF_CLASS,255,EF_VOLATILE,60,EF_NOTRADE,1,0.1.0.0
4016,Grade_A(Repliction),2834.0,0.0.0.0.0,0,3000,0,0,0,0,0,0,0,0,0,EF_CLASS,255,EF_VOLATILE,190,EF_NOTRADE,1,0.0.0.0
4044,Honorable_Emblem,2848.0,0.0.0.0.0,0,0,0,0,0,0,0,0,0,0,0,EF_NOTRADE,1,EF_VOLATILE,60,0.0.0.0
4049,WP_Coupon,2822.0,0.0.0.0.0,0,0,0,0,0,0,0,0,0,0,0,EF_CLASS,255,EF_NOTRADE,1,0.1.0.0
4051,Gold_Medal,2743.0,0.0.0.0.0,0,0,0,0,0,0,0,0,0,0,0,EF_SANC,5,EF_NOTRADE,1,0.1.0.0
4052,Purple_Medal,2744.0,0.0.0.0.0,0,0,0,0,0,0,0,0,0,0,0,EF_SANC,5,EF_NOTRADE,1,0.1.0.0
4053,Red_Medal,2741.0,0.0.0.0.0,0,0,0,0,0,0,0,0,0,0,0,EF_SANC,5,EF_NOTRADE,1,0.1.0.0
4054,Blue_Medal,2742.0,0.0.0.0.0,0,0,0,0,0,0,0,0,0,0,0,EF_SANC,5,EF_NOTRADE,1,0.1.0.0
4055,Green_Medal,2745.0,0.0.0.0.0,0,0,0,0,0,0,0,0,0,0,0,EF_SANC,5,EF_NOTRADE,1,0.1.0.0
4057,Drinks,2772.0,0.0.0.0.0,0,5000,0,0,0,0,0,0,0,0,0,EF_CLASS,255,EF_VOLATILE,60,EF_AMOUNT,5,0.1.0.0
4061,Easter_Egg5,2743.0,0.0.0.0.0,0,0,0,0,0,0,0,0,0,0,0,EF_SANC,5,EF_NOTRADE,1,0.0.0.0
4062,Easter_Egg6,2743.0,0.0.0.0.0,0,0,0,0,0,0,0,0,0,0,0,EF_SANC,5,EF_NOTRADE,1,0.0.0.0
4078,Gold_Key_Event,2764.0,0.0.0.0.0,0,0,0,0,0,0,0,0,0,0,0,EF_NOTRADE,2,0.1.0.0
4082,HalloweenCandy,2764.0,0.0.0.0.0,0,0,0,0,0,0,0,0,0,54,0,EF_NOTRADE,1,0.1.0.0
4083,Christmas_Socks,0.0,0.0.0.0.0,0,10,0,0,0,0,0,0,0,0,0,EF_NOTRADE,1,0.0.0.0
4090,Great_Potion,2820.0,0.0.0.0.0,0,10000,0,0,0,0,0,0,0,0,0,EF_CLASS,255,EF_VOLATILE,1,EF_HP,1000,EF_MP,1000,EF_AMOUNT,120,0.0.0.0
4104,Lucky_Pocket,981.0,0.0.0.0.0,0,0,0,0,0,0,0,0,0,0,0,EF_NOTRADE,1,0.0.0.0
4110,Game_Room_Ball,2.0,0.0.0.0.0,0,0,0,0,0,0,0,0,0,0,0,EF_NOTRADE,1,EF_NEWVALUE93,1,0.1.0.0
4128,Game_Room_Bead(Normal),2.5,0.0.0.0.0,0,0,0,0,0,0,0,0,0,0,0,EF_NOTRADE,1,EF_NEWVALUE93,1,0.0.0.0
4129,Game_Room_Bead(Mystic),2.4,0.0.0.0.0,0,0,0,0,0,0,0,0,0,0,0,EF_NOTRADE,1,EF_NEWVALUE93,1,0.0.0.0
4130,Game_Room_Bead(Arcane),2.1,0.0.0.0.0,0,0,0,0,0,0,0,0,0,0,0,EF_NOTRADE,1,EF_NEWVALUE93,1,0.0.0.0
4132,Mythril_Upgrade_Weapon_1,2863.0,0.0.0.0.0,0,500000,0,0,0,0,0,0,0,0,0,EF_NOTRADE,1,0.0.0.0
4133,Mythril_Upgrade_Weapon_2,2863.0,0.0.0.0.0,0,500000,0,0,0,0,0,0,0,0,0,EF_NOTRADE,1,0.0.0.0
4134,Lucky_Coupon_C,2863.0,0.0.0.0.0,0,500000,0,0,0,0,0,0,0,0,0,EF_NOTRADE,1,0.0.0.0
4139,Experience_Box,2864.0,0.0.0.0.0,0,50000,0,0,0,0,0,0,0,0,0,EF_VOLATILE,198,0.120.0.0
4140,Experience_Box,2864.0,0.0.0.0.0,0,100000,0,0,0,0,0,0,0,0,0,EF_VOLATILE,198,0.120.0.0
4141,Laktorerium_Powder,2874.8,0.0.0.0.0,0,10000,0,0,0,0,0,0,0,0,0,EF_VOLATILE,5,EF_SANC,9,16.120.0.0
4142,Fairy_Dust,78.0,0.0.0.0.0,0,5000,0,0,0,0,0,0,0,0,0,EF_VOLATILE,60,EF_NOTRADE,1,0.0.0.0
4145,Love_Candy,2870.0,0.0.0.0.0,0,100,0,0,0,0,0,0,0,0,0,EF_CLASS,255,EF_VOLATILE,60,EF_AMOUNT,1,EF_NOTRADE,0,EF_NEWVALUE93,1,0.0.0.0
4150,Dosa_Set,2885.0,0.0.0.0.0,0,1200,4096,0,0,0,0,0,0,12,0,EF_CLASS,255,EF_STR,0,EF_AC,0,EF_NEWVALUE91,0,EF_NOTRADE,1,0.0.0.0
4151,Brocken_Set,2885.0,0.0.0.0.0,0,1200,4096,0,18,0,0,0,0,12,0,EF_CLASS,255,EF_HWORDGUILD,0,EF_LWORDGUILD,0,EF_STR,450,EF_INT,450,EF_DEX,450,EF_CON,450,EF_NOTRADE,1,0.0.0.0
4152,Uniform_Set(30days),36.0,0.0.0.0.0,0,1200,4096,0,0,0,0,0,0,12,0,EF_CLASS,255,EF_STR,0,EF_AC,0,EF_SAVEMANA,0,EF_NOTRADE,1,EF_STR,400,EF_INT,400,EF_DEX,400,EF_CON,400,0.0.0.0
4153,Skeleton_Set(30days),36.0,0.0.0.0.0,0,1200,4096,0,0,0,0,0,0,12,0,EF_CLASS,255,EF_STR,0,EF_AC,0,EF_SAVEMANA,0,EF_NOTRADE,1,EF_STR,400,EF_INT,400,EF_DEX,400,EF_CON,400,0.0.0.0
4154,Summer_Costume(Female),2885.0,0.0.0.0.0,0,1200,4096,0,0,0,0,0,0,12,0,EF_CLASS,255,EF_HWORDGUILD,0,EF_LWORDGUILD,0,EF_STR,450,EF_INT,450,EF_DEX,450,EF_CON,450,EF_NOTRADE,1,0.0.0.0
4155,CatMan_Set(30days),36.0,0.0.0.0.0,0,1200,4096,0,0,0,0,0,0,12,0,EF_CLASS,255,EF_STR,0,EF_AC,0,EF_SAVEMANA,0,EF_NOTRADE,1,EF_STR,400,EF_INT,400,EF_DEX,400,EF_CON,400,0.0.0.0
4156,CatWoman_Set(30days),36.0,0.0.0.0.0,0,1200,4096,0,0,0,0,0,0,12,0,EF_CLASS,255,EF_STR,0,EF_AC,0,EF_SAVEMANA,0,EF_NOTRADE,1,EF_STR,400,EF_INT,400,EF_DEX,400,EF_CON,400,0.0.0.0
4157,Female_Wizard_Set(30days),36.0,0.0.0.0.0,0,1200,4096,0,0,0,0,0,0,12,0,EF_CLASS,255,EF_STR,0,EF_AC,0,EF_SAVEMANA,0,EF_NOTRADE,2,EF_STR,400,EF_INT,400,EF_DEX,400,EF_CON,400,0.0.0.0
4158,A_son_of_dragon_Set(30days),2885.0,0.0.0.0.0,0,1200,4096,0,0,0,0,0,0,12,0,EF_CLASS,255,EF_CRITICAL,30,EF_AC,0,EF_SAVEMANA,0,EF_NOTRADE,1,0.0.0.0
4159,RedSanta_Set,2885.0,0.0.0.0.0,0,1200,4096,0,0,0,0,0,0,12,0,EF_CLASS,255,EF_STR,150,EF_INT,150,EF_DEX,150,EF_CON,150,EF_NOTRADE,1,0.0.0.0
4160,WhiteSanta_Set,2885.0,0.0.0.0.0,0,1200,4096,0,0,0,0,0,0,12,0,EF_CLASS,255,EF_STR,150,EF_INT,150,EF_DEX,150,EF_CON,150,EF_NOTRADE,1,0.0.0.0
4161,PurpleRudolph_Set,2885.0,0.0.0.0.0,0,1200,4096,0,0,0,0,0,0,12,0,EF_CLASS,255,EF_STR,100,EF_INT,100,EF_DEX,100,EF_CON,100,EF_NOTRADE,1,0.0.0.0
4162,BlueRudolph_Set,2885.0,0.0.0.0.0,0,1200,4096,0,0,0,0,0,0,12,0,EF_CLASS,255,EF_STR,100,EF_INT,100,EF_DEX,100,EF_CON,100,EF_NOTRADE,1,0.0.0.0
4163,WhiteUniform_Set(30days),2885.0,0.0.0.0.0,0,1200,4096,0,0,0,0,0,0,12,0,EF_CLASS,255,EF_MPADD,5,EF_AC,0,EF_SAVEMANA,0,EF_NOTRADE,1,0.0.0.0
4164,BlackUniform_Set(30days),2885.0,0.0.0.0.0,0,1200,4096,0,18,0,0,0,0,12,0,EF_CLASS,255,EF_HWORDGUILD,0,EF_LWORDGUILD,0,EF_STR,400,EF_INT,400,EF_DEX,400,EF_CON,400,EF_NOTRADE,1,0.0.0.0
4165,Blindness_Set(30days),2885.0,0.0.0.0.0,0,1200,4096,0,0,0,0,0,0,12,0,EF_CLASS,255,EF_RESISTALL,10,EF_AC,0,EF_SAVEMANA,0,EF_NOTRADE,1,0.0.0.0
4166,Deafness_Set(30days),2885.0,0.0.0.0.0,0,1200,4096,0,0,0,0,0,0,12,0,EF_CLASS,255,EF_RESISTALL,10,EF_AC,0,EF_SAVEMANA,0,EF_NOTRADE,1,0.0.0.0
4167,SangA_Set(30days),2885.0,0.0.0.0.0,0,1200,4096,0,18,0,0,0,0,12,0,EF_CLASS,255,EF_HWORDGUILD,0,EF_LWORDGUILD,0,EF_STR,350,EF_INT,350,EF_DEX,350,EF_CON,350,EF_NOTRADE,1,0.0.0.0
4168,Hanbok_Set(30days),2885.0,0.0.0.0.0,0,1200,4096,0,18,0,0,0,0,12,0,EF_CLASS,255,EF_HWORDGUILD,0,EF_LWORDGUILD,0,EF_STR,350,EF_INT,350,EF_DEX,350,EF_CON,350,EF_NOTRADE,1,0.0.0.0
4169,WoodMan_Set(30days),2885.0,0.0.0.0.0,0,1200,4096,0,0,0,0,0,0,12,0,EF_CLASS,255,EF_STR,100,EF_INT,100,EF_DEX,100,EF_CON,100,EF_NOTRADE,1,0.0.0.0
4170,ST_Set(30days),2885.0,0.0.0.0.0,0,1200,4096,0,18,0,0,0,0,12,0,EF_CLASS,255,EF_STR,0,EF_INT,0,EF_DEX,0,EF_CON,0,EF_NOTRADE,1,0.0.0.0
4171,KingDom_Armor,2885.0,0.0.0.0.0,0,1200,4096,0,18,0,0,0,0,12,0,EF_CLASS,255,EF_HWORDGUILD,0,EF_LWORDGUILD,0,EF_STR,400,EF_INT,400,EF_DEX,400,EF_CON,400,EF_NOTRADE,1,0.0.0.0
4172,KingDom_Armor,2885.0,0.0.0.0.0,0,1200,4096,0,18,0,0,0,0,12,0,EF_CLASS,255,EF_HWORDGUILD,0,EF_LWORDGUILD,0,EF_STR,400,EF_INT,400,EF_DEX,400,EF_CON,400,EF_NOTRADE,1,0.0.0.0
4173,Gandi,2885.0,0.0.0.0.0,0,1200,4096,0,17,0,0,0,0,12,0,EF_CLASS,255,EF_INT,0,EF_AC,0,EF_SAVEMANA,0,EF_NOTRADE,0,0.0.0.0
4174,Odin,2885.0,0.0.0.0.0,0,1200,4096,0,0,0,0,0,0,12,0,EF_CLASS,255,EF_HWORDGUILD,0,EF_LWORDGUILD,0,EF_STR,500,EF_INT,500,EF_DEX,500,EF_CON,500,EF_NOTRADE,1,0.0.0.0
4175,Dancing_Girl,2885.0,0.0.0.0.0,0,1200,4096,0,18,0,0,0,0,12,0,EF_CLASS,255,EF_HWORDGUILD,0,EF_LWORDGUILD,0,EF_STR,350,EF_INT,350,EF_DEX,350,EF_CON,350,EF_NOTRADE,1,0.0.0.0
4176,Rabbit_Set(30days),2885.0,0.0.0.0.0,0,1200,4096,0,0,0,0,0,0,12,0,EF_CLASS,255,EF_HWORDGUILD,40,EF_LWORDGUILD,40,EF_STR,450,EF_INT,450,EF_DEX,450,EF_CON,450,EF_NOTRADE,1,0.0.0.0
4177,Dark_Maid,2885.0,0.0.0.0.0,0,1200,4096,0,0,0,0,0,0,12,0,EF_CLASS,255,EF_HWORDGUILD,0,EF_LWORDGUILD,0,EF_STR,400,EF_INT,400,EF_DEX,400,EF_CON,400,EF_NOTRADE,1,0.0.0.0
4178,Samurai_Set,2885.0,0.0.0.0.0,0,1200,4096,0,0,0,0,0,0,12,0,EF_CLASS,255,EF_AC,0,EF_SAVEMANA,0,EF_NOTRADE,1,EF_STR,350,EF_INT,350,EF_DEX,350,EF_CON,350,0.0.0.0
4179,CS,2885.0,0.0.0.0.0,0,1200,4096,0,18,0,0,0,0,12,0,EF_CLASS,255,EF_AC,0,EF_SAVEMANA,0,EF_NOTRADE,1,EF_STR,450,EF_INT,450,EF_DEX,450,EF_CON,450,0.0.0.0
4180,Plant_Set,2885.0,0.0.0.0.0,0,1200,4096,0,0,0,0,0,0,12,0,EF_CLASS,255,EF_CON,0,EF_NEWVALUE91,0,EF_NOTRADE,1,0.0.0.0
4181,Succubus_Set,2885.0,0.0.0.0.0,0,1200,4096,0,0,0,0,0,0,12,0,EF_CLASS,255,EF_AC,0,EF_SAVEMANA,0,EF_NOTRADE,1,EF_STR,100,EF_INT,100,EF_DEX,100,EF_CON,100,0.0.0.0
4182,Suit_Set,2885.0,0.0.0.0.0,0,1200,4096,0,0,0,0,0,0,12,0,EF_CLASS,255,EF_HWORDGUILD,20,EF_LWORDGUILD,0,EF_STR,300,EF_INT,300,EF_DEX,300,EF_CON,300,EF_NOTRADE,1,0.0.0.0
4183,Student_Set,2885.0,0.0.0.0.0,0,1200,4096,0,0,0,0,0,0,12,0,EF_CLASS,255,EF_HWORDGUILD,40,EF_LWORDGUILD,40,EF_STR,450,EF_INT,450,EF_DEX,450,EF_CON,450,EF_NOTRADE,1,0.0.0.0
4184,Dosa_Set2,2885.0,0.0.0.0.0,0,1200,4096,0,0,0,0,0,0,12,0,EF_CLASS,255,EF_HWORDGUILD,45,EF_LWORDGUILD,45,EF_STR,500,EF_INT,500,EF_DEX,500,EF_CON,500,EF_NOTRADE,1,0.0.0.0
4185,Odin_Set2,2885.0,0.0.0.0.0,0,1200,4096,0,0,0,0,0,0,12,0,EF_CLASS,255,EF_HWORDGUILD,0,EF_LWORDGUILD,0,EF_STR,500,EF_INT,500,EF_DEX,500,EF_CON,500,EF_NOTRADE,1,0.0.0.0
4186,Gandi_Set2,2885.0,0.0.0.0.0,0,1200,4096,0,0,0,0,0,0,12,0,EF_CLASS,255,EF_STR,0,EF_DEX,0,EF_INT,0,EF_CON,0,EF_NOTRADE,1,0.0.0.0
4187,PurpleRudolph_Set2,2885.0,0.0.0.0.0,0,1200,4096,0,0,0,0,0,0,12,0,EF_CLASS,255,EF_STR,0,EF_INT,0,EF_NOTRADE,1,0.0.0.0
4188,RedSanta_Set2,2885.0,0.0.0.0.0,0,1200,4096,0,0,0,0,0,0,12,0,EF_CLASS,255,EF_DEX,0,EF_CON,0,EF_NOTRADE,1,0.0.0.0
4189,Carnival_Set,2885.0,0.0.0.0.0,0,1200,4096,0,0,0,0,0,0,12,0,EF_CLASS,255,EF_HWORDGUILD,0,EF_LWORDGUILD,0,EF_STR,0,EF_INT,0,EF_DEX,0,EF_CON,0,EF_NOTRADE,1,0.0.0.0
4190,Back_Ho_set,43.0,0.0.0.0.0,0,1200,0,0,0,0,0,0,0,24,0,EF_NOTRADE,1,0.0.0.0
4191,Death_Shadow,44.0,0.0.0.0.0,0,1200,0,0,0,0,0,0,0,24,0,EF_NOTRADE,1,0.0.0.0
4192,Death_Shadow,45.0,0.0.0.0.0,0,1200,0,0,0,0,0,0,0,24,0,EF_NOTRADE,1,0.0.0.0
4193,Poison_Spider,46.0,0.0.0.0.0,0,1200,0,0,0,0,0,0,0,24,0,EF_NOTRADE,1,0.0.0.0
4194,Kongkongi,47.0,0.0.0.0.0,0,1200,0,0,0,0,0,0,0,24,0,EF_NOTRADE,1,0.0.0.0
4195,Kongkongi,48.0,0.0.0.0.0,0,1200,0,0,0,0,0,0,0,24,0,EF_NOTRADE,1,0.0.0.0
4196,KingDom_Mount,49.0,0.0.0.0.0,0,1200,0,0,0,0,0,0,0,24,0,EF_NOTRADE,1,0.0.0.0
4197,KingDom_Mount,50.0,0.0.0.0.0,0,1200,0,0,0,0,0,0,0,24,0,EF_NOTRADE,1,0.0.0.0
4198,Wooden_horse,51.0,0.0.0.0.0,0,100,0,0,0,0,0,0,0,24,0,EF_NOTRADE,1,0.0.0.0
4199,Kongkongi,52.0,0.0.0.0.0,0,1200,0,0,0,0,0,0,0,24,0,EF_NOTRADE,1,0.0.0.0
4200,cat,53.0,0.0.0.0.0,0,1200,0,0,0,0,0,0,0,24,0,EF_NOTRADE,1,0.0.0.0
4201,Spider,54.0,0.0.0.0.0,0,1200,0,0,0,0,0,0,0,24,0,EF_NOTRADE,1,0.0.0.0
4202,Deer,55.0,0.0.0.0.0,0,1200,0,0,0,0,0,0,0,24,0,EF_NOTRADE,1,0.0.0.0
4203,Red_Dragon,56.0,0.0.0.0.0,0,1200,0,0,0,0,0,0,0,24,0,EF_NOTRADE,1,0.0.0.0
4204,Blue_Dragon,57.0,0.0.0.0.0,0,1200,0,0,0,0,0,0,0,24,0,EF_NOTRADE,1,0.0.0.0
4205,Red_Rudolph,58.0,0.0.0.0.0,0,1200,0,0,0,0,0,0,0,24,0,EF_NOTRADE,1,0.0.0.0
4206,Blue_Rudolph,59.0,0.0.0.0.0,0,1200,0,0,0,0,0,0,0,24,0,EF_NOTRADE,1,0.0.0.0
4207,NewYearCat,60.0,0.0.0.0.0,0,1200,0,0,0,0,0,0,0,24,0,EF_NOTRADE,1,0.0.0.0
4208,Gargoyle_Golden,61.0,0.0.0.0.0,0,1200,0,0,0,0,0,0,0,24,0,EF_NOTRADE,1,0.0.0.0
4209,Gargoyle_Rock,62.0,0.0.0.0.0,0,1200,0,0,0,0,0,0,0,24,0,EF_NOTRADE,1,0.0.0.0
4210,Ladybug,63.0,0.0.0.0.0,0,1200,0,0,0,0,0,0,0,24,0,EF_NOTRADE,1,0.0.0.0
4212,PacBall,65.0,0.0.0.0.0,0,1200,0,0,0,0,0,0,0,24,0,EF_LEVEL,180,EF_NOTRADE,1,0.0.0.0
4213,Halloween_PumpkinBat,66.0,0.0.0.0.0,0,1200,0,0,0,0,0,0,0,24,0,EF_NOTRADE,1,0.0.0.0
4214,Dark_Gargoyle,67.0,0.0.0.0.0,0,1200,0,0,0,0,0,0,0,24,0,EF_NOTRADE,1,0.0.0.0
4215,Dark_Cat,68.0,0.0.0.0.0,0,1200,0,0,0,0,0,0,0,24,0,EF_NOTRADE,1,0.0.0.0
4216,FirePogball,69.0,0.0.0.0.0,0,1200,0,0,0,0,0,0,0,24,0,EF_LEVEL,150,EF_NOTRADE,1,0.0.0.0
4217,Dark_Dragon,70.0,0.0.0.0.0,0,1200,0,0,0,0,0,0,0,24,0,EF_NOTRADE,1,0.0.0.0
4218,Xmas_Wooden_horse,71.0,0.0.0.0.0,0,1200,0,0,0,0,0,0,0,24,0,EF_NOTRADE,1,0.0.0.0
4219,NewYearCow,72.0,0.0.0.0.0,0,1200,0,0,0,0,0,0,0,24,0,EF_NOTRADE,1,0.0.0.0
4220,CarnivalMount,73.0,0.0.0.0.0,0,1200,0,0,0,0,0,0,0,24,0,EF_NOTRADE,1,0.0.0.0
4223,Magma_Spider,76.0,0.0.0.0.0,0,1200,0,0,0,0,0,0,0,24,0,EF_NOTRADE,1,0.0.0.0
4231,FlowerRabbit,120.0,0.0.0.0.0,0,1200,0,0,0,0,0,0,0,24,0,EF_NOTRADE,1,0.0.0.0
4235,Blazing_Rabbit,124.0,0.0.0.0.0,0,1200,0,0,0,0,0,0,0,24,0,EF_NOTRADE,1,0.0.0.0
4241,Bahamut_Pogball,131.0,0.0.0.0.0,0,1200,0,0,0,0,0,0,0,24,0,EF_LEVEL,180,EF_NOTRADE,1,0.0.0.0
4250,Tigre_de_gelo,81.0,0.0.0.0.0,0,1200,0,0,0,0,0,0,0,24,0,EF_NOTRADE,1,0.0.0.0
4251,Tigre_negro,82.0,0.0.0.0.0,0,1200,0,0,0,0,0,0,0,24,0,EF_LEVEL,150,EF_NOTRADE,1,0.0.0.0
4270,Blue_Griffin,84.0,0.0.0.0.0,0,1200,0,0,0,0,0,0,0,24,0,EF_NOTRADE,1,0.0.0.0
4271,Green_Griffin,85.0,0.0.0.0.0,0,1200,0,0,0,0,0,0,0,24,0,EF_NOTRADE,1,0.0.0.0
4272,Black_Griffin,86.0,0.0.0.0.0,0,1200,0,0,0,0,0,0,0,24,0,EF_NOTRADE,1,0.0.0.0
4273,Twilight_Unicorn,87.0,0.0.0.0.0,0,1200,0,0,0,0,0,0,0,24,0,EF_NOTRADE,1,0.0.0.0
4274,Mystical_Unicorn,88.0,0.0.0.0.0,0,1200,0,0,0,0,0,0,0,24,0,EF_NOTRADE,1,0.0.0.0
4275,Lava_Horse,89.0,0.0.0.0.0,0,1200,0,0,0,0,0,0,0,24,0,EF_NOTRADE,1,0.0.0.0
4276,Zombie_Horse,90.0,0.0.0.0.0,0,1200,0,0,0,0,0,0,0,24,0,EF_NOTRADE,1,0.0.0.0
4277,Electric_Smilodon,91.0,0.0.0.0.0,0,1200,0,0,0,0,0,0,0,24,0,EF_NOTRADE,1,0.0.0.0
4278,Ice_Smilodon,92.0,0.0.0.0.0,0,1200,0,0,0,0,0,0,0,24,0,EF_NOTRADE,1,0.0.0.0
4279,Rock_Fenrir,93.0,0.0.0.0.0,0,1200,0,0,0,0,0,0,0,24,0,EF_NOTRADE,1,0.0.0.0
4280,Ice_Fenrir,94.0,0.0.0.0.0,0,1200,0,0,0,0,0,0,0,24,0,EF_NOTRADE,1,0.0.0.0
4281,Water_Tiger,95.0,0.0.0.0.0,0,1200,0,0,0,0,0,0,0,24,0,EF_NOTRADE,1,0.0.0.0
4282,Crystal_Tiger,96.0,0.0.0.0.0,0,1200,0,0,0,0,0,0,0,24,0,EF_NOTRADE,1,0.0.0.0
4283,Red_Dragon,97.0,0.0.0.0.0,0,1200,0,0,0,0,0,0,0,24,0,EF_NOTRADE,1,0.0.0.0
4284,Blue_Dragon,98.0,0.0.0.0.0,0,1200,0,0,0,0,0,0,0,24,0,EF_NOTRADE,1,0.0.0.0
4285,Gold_Horse,99.0,0.0.0.0.0,0,1200,0,0,0,0,0,0,0,24,0,EF_NOTRADE,1,0.0.0.0
4286,Crystal_Horse,100.0,0.0.0.0.0,0,1200,0,0,0,0,0,0,0,24,0,EF_NOTRADE,1,0.0.0.0
4287,Ice_Dragon,101.0,0.0.0.0.0,0,1200,0,0,0,0,0,0,0,24,0,EF_NOTRADE,1,0.0.0.0
4288,Flame_Dragon,102.0,0.0.0.0.0,0,1200,0,0,0,0,0,0,0,24,0,EF_NOTRADE,1,0.0.0.0
4289,Bone_RedDragon,103.0,0.0.0.0.0,0,1200,0,0,0,0,0,0,0,24,0,EF_NOTRADE,1,0.0.0.0
4290,Flame_RedDragon,104.0,0.0.0.0.0,0,1200,0,0,0,0,0,0,0,24,0,EF_NOTRADE,1,0.0.0.0
4291,White_Tamed_Bear,105.0,0.0.0.0.0,0,1200,0,0,0,0,0,0,0,24,0,EF_NOTRADE,1,0.0.0.0
4292,Bluefire_Dragon_Puppy,106.0,0.0.0.0.0,0,1200,0,0,0,0,0,0,0,24,0,EF_NOTRADE,1,0.0.0.0
4297,Mech_Unicorn,111.0,0.0.0.0.0,0,1200,0,0,0,0,0,0,0,24,0,EF_NOTRADE,1,0.0.0.0
4300,ST_Set(30days)_1_1,2885.0,0.0.0.0.0,0,1200,4096,0,0,0,0,0,0,12,0,EF_CLASS,255,EF_STR,0,EF_AC,0,EF_SAVEMANA,0,EF_NOTRADE,1,0.0.0.0
4301,ST_Set(30days)_HAN_M,2885.0,0.0.0.0.0,0,1200,4096,0,0,0,0,0,0,12,0,EF_CLASS,255,EF_STR,0,EF_AC,0,EF_SAVEMANA,0,EF_NOTRADE,1,0.0.0.0
4302,ST_Set(30days)_1_2,2885.0,0.0.0.0.0,0,1200,4096,0,0,0,0,0,0,12,0,EF_CLASS,255,EF_STR,0,EF_AC,0,EF_SAVEMANA,0,EF_NOTRADE,1,0.0.0.0
4303,ST_Set(30days)_1_3,2885.0,0.0.0.0.0,0,1200,4096,0,18,0,0,0,0,12,0,EF_CLASS,255,EF_HWORDGUILD,0,EF_LWORDGUILD,0,EF_STR,400,EF_INT,400,EF_DEX,400,EF_CON,400,EF_NOTRADE,1,0.0.0.0
4304,School_Costume_White(30days),2885.0,0.0.0.0.0,0,1200,4096,0,0,0,0,0,0,12,0,EF_CLASS,255,EF_STR,0,EF_AC,0,EF_SAVEMANA,0,EF_NOTRADE,1,0.0.0.0
4305,School_Costume_Blue(30days),2885.0,0.0.0.0.0,0,1200,4096,0,18,0,0,0,0,12,0,EF_CLASS,255,EF_AC,0,EF_SAVEMANA,0,EF_NOTRADE,1,0.0.0.0
4306,School_Costume_Red(30days),2885.0,0.0.0.0.0,0,1200,4096,0,18,0,0,0,0,12,0,EF_CLASS,255,EF_STR,0,EF_AC,0,EF_SAVEMANA,0,EF_NOTRADE,1,0.0.0.0
4307,ST_Set(30days)_HAN_F1,2885.0,0.0.0.0.0,0,1200,4096,0,0,0,0,0,0,12,0,EF_CLASS,255,EF_HWORDGUILD,20,EF_LWORDGUILD,0,EF_STR,300,EF_INT,300,EF_DEX,300,EF_CON,300,EF_NOTRADE,1,0.0.0.0
4308,ST_Set(30days)_HAN_F2,2885.0,0.0.0.0.0,0,1200,4096,0,0,0,0,0,0,12,0,EF_CLASS,255,EF_HWORDGUILD,35,EF_LWORDGUILD,0,EF_STR,400,EF_INT,400,EF_DEX,400,EF_CON,400,EF_NOTRADE,1,0.0.0.0
4309,Aegir,2885.0,0.0.0.0.0,0,1200,4096,0,0,0,0,0,0,12,0,EF_CLASS,255,EF_HWORDGUILD,0,EF_LWORDGUILD,0,EF_STR,500,EF_INT,500,EF_DEX,500,EF_CON,500,EF_NOTRADE,1,0.0.0.0
4310,Cavaleiro_Negro(30dias),2885.0,0.0.0.0.0,0,1200,4096,0,0,0,0,0,0,12,0,EF_CLASS,255,EF_HWORDGUILD,55,EF_LWORDGUILD,55,EF_STR,650,EF_INT,650,EF_DEX,650,EF_CON,650,EF_NOTRADE,1,0.0.0.0
4311,Cavaleiro_Dourado(30dias),2885.0,0.0.0.0.0,0,1200,4096,0,0,0,0,0,0,12,0,EF_CLASS,255,EF_STR,100,EF_INT,100,EF_DEX,100,EF_CON,100,EF_NOTRADE,1,0.0.0.0
4312,Skeleton_King_Costume,2885.0,0.0.0.0.0,0,1200,4096,0,0,0,0,0,0,12,0,EF_CLASS,255,EF_HWORDGUILD,20,EF_LWORDGUILD,0,EF_STR,200,EF_INT,200,EF_DEX,200,EF_CON,200,EF_NOTRADE,1,0.0.0.0
4313,Guardian_Height,2885.0,0.0.0.0.0,0,1200,4096,0,0,0,0,0,0,12,0,EF_CLASS,255,EF_HWORDGUILD,20,EF_LWORDGUILD,0,EF_STR,200,EF_INT,200,EF_DEX,200,EF_CON,200,EF_NOTRADE,1,0.0.0.0
4314,Anubis_Costume,2885.0,0.0.0.0.0,0,1200,4096,0,0,0,0,0,0,12,0,EF_CLASS,255,EF_HWORDGUILD,35,EF_LWORDGUILD,0,EF_STR,400,EF_INT,400,EF_DEX,400,EF_CON,400,EF_NOTRADE,1,0.0.0.0
4315,Traje_carnavalesca,2885.0,0.0.0.0.0,0,1200,4096,0,0,0,0,0,0,12,0,EF_CLASS,255,EF_HWORDGUILD,20,EF_LWORDGUILD,0,EF_STR,300,EF_INT,300,EF_DEX,300,EF_CON,300,EF_NOTRADE,1,0.0.0.0
4316,traje_criatura_de_gelo,2885.0,0.0.0.0.0,0,1200,4096,0,18,0,0,0,0,12,0,EF_CLASS,255,EF_HWORDGUILD,0,EF_LWORDGUILD,0,EF_STR,400,EF_INT,400,EF_DEX,400,EF_CON,400,EF_NOTRADE,1,0.0.0.0
4317,traje_dourado_red,2885.0,0.0.0.0.0,0,1200,4096,0,18,0,0,0,0,12,0,EF_CLASS,255,EF_HWORDGUILD,0,EF_LWORDGUILD,0,EF_STR,400,EF_INT,400,EF_DEX,400,EF_CON,400,EF_NOTRADE,1,0.0.0.0
4318,traje_dourado_blue,2885.0,0.0.0.0.0,0,1200,4096,0,18,0,0,0,0,12,0,EF_CLASS,255,EF_HWORDGUILD,0,EF_LWORDGUILD,0,EF_STR,400,EF_INT,400,EF_DEX,400,EF_CON,400,EF_NOTRADE,1,0.0.0.0
4319,traje_elfo_negro,2885.0,0.0.0.0.0,0,1200,0,0,0,0,0,0,0,12,0,EF_CLASS,255,EF_AC,80,EF_SAVEMANA,10,EF_NEWVALUE91,0,EF_NOTRADE,1,0.0.0.0
4320,Traje_Esqueleto_Negro,2885.0,0.0.0.0.0,0,1200,4096,0,0,0,0,0,0,12,0,EF_CLASS,255,EF_HWORDGUILD,40,EF_LWORDGUILD,40,EF_STR,450,EF_INT,450,EF_DEX,450,EF_CON,450,EF_NOTRADE,1,0.0.0.0
4321,Traje_galaxy,2885.0,0.0.0.0.0,0,1200,4096,0,0,0,0,0,0,12,0,EF_CLASS,255,EF_HWORDGUILD,40,EF_LWORDGUILD,40,EF_STR,450,EF_INT,450,EF_DEX,450,EF_CON,450,EF_NOTRADE,1,0.0.0.0
4322,Traje_Guerreio_Natalino,2885.0,0.0.0.0.0,0,1200,4096,0,18,0,0,0,0,12,0,EF_CLASS,255,EF_HWORDGUILD,0,EF_LWORDGUILD,0,EF_STR,400,EF_INT,400,EF_DEX,400,EF_CON,400,EF_NOTRADE,1,0.0.0.0
4323,Traje_Guerreira_Nordica,2885.0,0.0.0.0.0,0,1200,4096,0,0,0,0,0,0,12,0,EF_CLASS,255,EF_HWORDGUILD,20,EF_LWORDGUILD,0,EF_STR,300,EF_INT,300,EF_DEX,300,EF_CON,300,EF_NOTRADE,1,0.0.0.0
4324,Traje_Guerreiro_de_Niffeheim,2885.0,0.0.0.0.0,0,1200,4096,0,0,0,0,0,0,12,0,EF_CLASS,255,EF_HWORDGUILD,35,EF_LWORDGUILD,35,EF_STR,400,EF_INT,400,EF_DEX,400,EF_CON,400,EF_NOTRADE,1,0.0.0.0
4325,traje_halloween,2885.0,0.0.0.0.0,0,1200,4096,0,0,0,0,0,0,12,0,EF_CLASS,255,EF_HWORDGUILD,45,EF_LWORDGUILD,45,EF_STR,500,EF_INT,500,EF_DEX,500,EF_CON,500,EF_NOTRADE,1,0.0.0.0
4326,Freya_Costume,2885.0,0.0.0.0.0,0,1200,4096,0,0,0,0,0,0,12,0,EF_CLASS,255,EF_HWORDGUILD,40,EF_LWORDGUILD,40,EF_STR,450,EF_INT,450,EF_DEX,450,EF_CON,450,EF_NOTRADE,1,0.0.0.0
4327,Surkur_Costume,2885.0,0.0.0.0.0,0,1200,4096,0,18,0,0,0,0,12,0,EF_CLASS,255,EF_HWORDGUILD,0,EF_LWORDGUILD,0,EF_STR,400,EF_INT,400,EF_DEX,400,EF_CON,400,EF_NOTRADE,1,0.0.0.0
4328,Traje_Guerreiro_Nordico,2885.0,0.0.0.0.0,0,1200,4096,0,0,0,0,0,0,12,0,EF_CLASS,255,EF_HWORDGUILD,20,EF_LWORDGUILD,20,EF_STR,250,EF_INT,250,EF_DEX,250,EF_CON,250,EF_NOTRADE,1,0.0.0.0
4329,GoldenValkyrie,2885.0,0.0.0.0.0,0,1200,4096,0,0,0,0,0,0,12,0,EF_CLASS,255,EF_HWORDGUILD,45,EF_LWORDGUILD,45,EF_STR,500,EF_INT,500,EF_DEX,500,EF_CON,500,EF_NOTRADE,1,0.0.0.0
4330,Halloween_Costume(BM),2885.0,0.0.0.0.0,0,1200,4096,0,0,0,0,0,0,12,0,EF_CLASS,255,EF_HWORDGUILD,0,EF_LWORDGUILD,0,EF_CON,300,EF_NOTRADE,1,0.0.0.0
4331,Halloween_Costume(TK),2885.0,0.0.0.0.0,0,1200,4096,0,0,0,0,0,0,12,0,EF_CLASS,255,EF_HWORDGUILD,0,EF_LWORDGUILD,0,EF_STR,300,EF_NOTRADE,1,0.0.0.0
4332,Halloween_Costume(FM),2885.0,0.0.0.0.0,0,1200,4096,0,0,0,0,0,0,12,0,EF_CLASS,255,EF_HWORDGUILD,0,EF_LWORDGUILD,0,EF_INT,300,EF_NOTRADE,1,0.0.0.0
4333,Halloween_Costume(HT),2885.0,0.0.0.0.0,0,1200,4096,0,0,0,0,0,0,12,0,EF_CLASS,255,EF_HWORDGUILD,0,EF_LWORDGUILD,0,EF_DEX,300,EF_NOTRADE,1,0.0.0.0
4338,ChristmasCostume,2885.0,0.0.0.0.0,0,1200,4096,0,0,0,0,0,0,12,0,EF_CLASS,255,EF_HWORDGUILD,20,EF_LWORDGUILD,0,EF_STR,250,EF_INT,250,EF_DEX,250,EF_CON,250,EF_NOTRADE,1,0.0.0.0
4339,ChristmasCostume,2885.0,0.0.0.0.0,0,1200,4096,0,0,0,0,0,0,12,0,EF_CLASS,255,EF_HWORDGUILD,20,EF_LWORDGUILD,0,EF_STR,300,EF_INT,300,EF_DEX,300,EF_CON,300,EF_NOTRADE,1,0.0.0.0
4340,2020CostumeF,2885.0,0.0.0.0.0,0,1200,4096,0,0,0,0,0,0,12,0,EF_CLASS,255,EF_AC,80,EF_SAVEMANA,10,EF_NEWVALUE91,0,EF_NOTRADE,1,0.0.0.0
4341,2020CostumeM,2885.0,0.0.0.0.0,0,1200,4096,0,0,0,0,0,0,12,0,EF_CLASS,255,EF_AC,80,EF_SAVEMANA,10,EF_NEWVALUE91,0,EF_NOTRADE,1,0.0.0.0
4342,Easter_Costume(Blue),2885.0,0.0.0.0.0,0,1200,4096,0,0,0,0,0,0,12,0,EF_CLASS,255,EF_HWORDGUILD,0,EF_LWORDGUILD,0,EF_STR,0,EF_INT,0,EF_DEX,0,EF_CON,0,EF_NOTRADE,2,0.0.0.0
4343,Easter_Costume(Red),2885.0,0.0.0.0.0,0,1200,4096,0,0,0,0,0,0,12,0,EF_CLASS,255,EF_HWORDGUILD,0,EF_LWORDGUILD,0,EF_STR,0,EF_INT,0,EF_DEX,0,EF_CON,0,EF_NOTRADE,2,0.0.0.0
4344,Easter_Costume(Warrior),2885.0,0.0.0.0.0,0,1200,4096,0,0,0,0,0,0,12,0,EF_CLASS,255,EF_HWORDGUILD,20,EF_LWORDGUILD,0,EF_STR,300,EF_INT,300,EF_DEX,300,EF_CON,300,EF_NOTRADE,1,0.0.0.0
4345,Spring_Costume(M),2885.0,0.0.0.0.0,0,1200,4096,0,0,0,0,0,0,12,0,EF_CLASS,255,EF_HWORDGUILD,0,EF_LWORDGUILD,0,EF_STR,0,EF_INT,0,EF_DEX,0,EF_CON,0,EF_NOTRADE,1,0.0.0.0
4346,Spring_Costume(F),2885.0,0.0.0.0.0,0,1200,4096,0,0,0,0,0,0,12,0,EF_CLASS,255,EF_HWORDGUILD,0,EF_LWORDGUILD,0,EF_STR,0,EF_INT,0,EF_DEX,0,EF_CON,0,EF_NOTRADE,1,0.0.0.0
4347,Nesses,2885.0,0.0.0.0.0,0,1200,4096,0,0,0,0,0,0,12,0,EF_CLASS,255,EF_HWORDGUILD,50,EF_LWORDGUILD,50,EF_STR,650,EF_INT,650,EF_DEX,650,EF_CON,650,EF_NOTRADE,1,0.0.0.0
4348,Haden,2885.0,0.0.0.0.0,0,1200,4096,0,0,0,0,0,0,12,0,EF_CLASS,255,EF_HWORDGUILD,50,EF_LWORDGUILD,50,EF_STR,650,EF_INT,650,EF_DEX,650,EF_CON,650,EF_NOTRADE,1,0.0.0.0
4349,Night_Hunter_Costume,2885.0,0.0.0.0.0,0,1200,4096,0,0,0,0,0,0,12,0,EF_CLASS,255,EF_HWORDGUILD,25,EF_LWORDGUILD,25,EF_STR,300,EF_INT,300,EF_DEX,300,EF_CON,300,EF_NOTRADE,1,0.0.0.0
4350,Lady_Blade_Costume,2885.0,0.0.0.0.0,0,1200,4096,0,0,0,0,0,0,12,0,EF_CLASS,255,EF_HWORDGUILD,60,EF_LWORDGUILD,60,EF_STR,800,EF_INT,800,EF_DEX,800,EF_CON,800,EF_NOTRADE,1,0.0.0.0
4351,Bone_Demon_Costume,2885.0,0.0.0.0.0,0,1200,4096,0,0,0,0,0,0,12,0,EF_CLASS,255,EF_HWORDGUILD,40,EF_LWORDGUILD,40,EF_STR,450,EF_INT,450,EF_DEX,450,EF_CON,450,EF_NOTRADE,1,0.0.0.0
4352,Kapma,2885.0,0.0.0.0.0,0,1200,4096,0,0,0,0,0,0,12,0,EF_CLASS,255,EF_HWORDGUILD,50,EF_LWORDGUILD,50,EF_STR,650,EF_INT,650,EF_DEX,650,EF_CON,650,EF_NOTRADE,1,0.0.0.0
4353,Marine_Costurme,2885.0,0.0.0.0.0,0,1200,4096,0,18,0,0,0,0,12,0,EF_CLASS,255,EF_AC,0,EF_SAVEMANA,0,EF_NEWVALUE91,0,EF_NOTRADE,1,0.0.0.0
4354,Marine_Costurme,2885.0,0.0.0.0.0,0,1200,4096,0,18,0,0,0,0,12,0,EF_CLASS,255,EF_AC,0,EF_SAVEMANA,0,EF_NEWVALUE91,0,EF_NOTRADE,1,0.0.0.0
4355,19th_Anniv,2885.0,0.0.0.0.0,0,1200,4096,0,0,0,0,0,0,12,0,EF_CLASS,255,EF_AC,80,EF_SAVEMANA,10,EF_NEWVALUE91,0,EF_NOTRADE,1,0.0.0.0
4356,19th_Anniv,2885.0,0.0.0.0.0,0,1200,4096,0,0,0,0,0,0,12,0,EF_CLASS,255,EF_AC,80,EF_SAVEMANA,10,EF_NEWVALUE91,0,EF_NOTRADE,1,0.0.0.0
4357,Fire_Demon,2885.0,0.0.0.0.0,0,1200,4096,0,0,0,0,0,0,12,0,EF_CLASS,255,EF_HWORDGUILD,35,EF_LWORDGUILD,35,EF_STR,400,EF_INT,400,EF_DEX,400,EF_CON,400,EF_NOTRADE,1,0.0.0.0
4358,Golden_Knight,2885.0,0.0.0.0.0,0,1200,4096,0,0,0,0,0,0,12,0,EF_CLASS,255,EF_HWORDGUILD,0,EF_LWORDGUILD,0,EF_STR,500,EF_INT,500,EF_DEX,500,EF_CON,500,EF_NOTRADE,1,0.0.0.0
4359,Imperial_Knight,2885.0,0.0.0.0.0,0,1200,4096,0,0,0,0,0,0,12,0,EF_CLASS,255,EF_HWORDGUILD,35,EF_LWORDGUILD,35,EF_STR,400,EF_INT,400,EF_DEX,400,EF_CON,400,EF_NOTRADE,1,0.0.0.0
4360,Lady_knight,2885.0,0.0.0.0.0,0,1200,4096,0,0,0,0,0,0,12,0,EF_CLASS,255,EF_HWORDGUILD,40,EF_LWORDGUILD,40,EF_STR,450,EF_INT,450,EF_DEX,450,EF_CON,450,EF_NOTRADE,1,0.0.0.0
4361,Surkur_Female,2885.0,0.0.0.0.0,0,1200,4096,0,0,0,0,0,0,12,0,EF_CLASS,255,EF_HWORDGUILD,35,EF_LWORDGUILD,35,EF_STR,400,EF_INT,400,EF_DEX,400,EF_CON,400,EF_NOTRADE,1,0.0.0.0
4362,Dark_Candle,2885.0,0.0.0.0.0,0,1200,4096,0,18,0,0,0,0,12,0,EF_CLASS,255,EF_HWORDGUILD,0,EF_LWORDGUILD,0,EF_STR,300,EF_INT,300,EF_DEX,300,EF_CON,300,EF_NOTRADE,1,0.0.0.0
4363,Halloween_Dracula,2885.0,0.0.0.0.0,0,1200,4096,0,0,0,0,0,0,12,0,EF_CLASS,255,EF_HWORDGUILD,35,EF_LWORDGUILD,0,EF_STR,400,EF_INT,400,EF_DEX,400,EF_CON,400,EF_NOTRADE,1,0.0.0.0
4365,Bruja_Negra,2885.0,0.0.0.0.0,0,1200,4096,0,0,0,0,0,0,12,0,EF_CLASS,255,EF_HWORDGUILD,20,EF_LWORDGUILD,0,EF_STR,300,EF_INT,300,EF_DEX,300,EF_CON,300,EF_NOTRADE,1,0.0.0.0
4366,King_Costume,2885.0,0.0.0.0.0,0,1200,4096,0,0,0,0,0,0,12,0,EF_CLASS,255,EF_HWORDGUILD,65,EF_LWORDGUILD,65,EF_STR,1000,EF_INT,1000,EF_DEX,1000,EF_CON,1000,EF_NOTRADE,1,0.0.0.0
4367,King_Blue,2885.0,0.0.0.0.0,0,1200,4096,0,0,0,0,0,0,12,0,EF_CLASS,255,EF_HWORDGUILD,35,EF_LWORDGUILD,35,EF_STR,400,EF_INT,400,EF_DEX,400,EF_CON,400,EF_NOTRADE,1,0.0.0.0
4368,Dark_Archangel,2885.0,0.0.0.0.0,0,1200,4096,0,0,0,0,0,0,12,0,EF_CLASS,255,EF_HWORDGUILD,50,EF_LWORDGUILD,50,EF_STR,600,EF_INT,600,EF_DEX,600,EF_CON,600,EF_NOTRADE,1,0.0.0.0
4369,I_Am_X-mas_Tree,2885.0,0.0.0.0.0,0,1200,4096,0,0,0,0,0,0,12,0,EF_CLASS,255,EF_HWORDGUILD,35,EF_LWORDGUILD,35,EF_STR,400,EF_INT,400,EF_DEX,400,EF_CON,400,EF_NOTRADE,1,0.0.0.0
4370,Surkur_Gelido,2885.0,0.0.0.0.0,0,1200,4096,0,18,0,0,0,0,12,0,EF_CLASS,255,EF_HWORDGUILD,0,EF_LWORDGUILD,0,EF_STR,400,EF_INT,400,EF_DEX,400,EF_CON,400,EF_NOTRADE,1,0.0.0.0
4371,Mad_Warrior,2885.0,0.0.0.0.0,0,1200,4096,0,18,0,0,0,0,12,0,EF_CLASS,255,EF_AC,0,EF_SAVEMANA,0,EF_NOTRADE,1,EF_STR,450,EF_INT,450,EF_DEX,450,EF_CON,450,0.0.0.0
4372,Golden_Archangel,2885.0,0.0.0.0.0,0,1200,4096,0,0,0,0,0,0,12,0,EF_CLASS,255,EF_HWORDGUILD,35,EF_LWORDGUILD,35,EF_STR,400,EF_INT,400,EF_DEX,400,EF_CON,400,EF_NOTRADE,1,0.0.0.0
4373,2021CostumeF,2885.0,0.0.0.0.0,0,1200,4096,0,0,0,0,0,0,12,0,EF_CLASS,255,EF_HWORDGUILD,45,EF_LWORDGUILD,45,EF_STR,500,EF_INT,500,EF_DEX,500,EF_CON,500,EF_NOTRADE,1,0.0.0.0
4374,2021CostumeM,2885.0,0.0.0.0.0,0,1200,4096,0,0,0,0,0,0,12,0,EF_CLASS,255,EF_HWORDGUILD,45,EF_LWORDGUILD,45,EF_STR,500,EF_INT,500,EF_DEX,500,EF_CON,500,EF_NOTRADE,1,0.0.0.0
4375,CarnivalCostume,2885.0,0.0.0.0.0,0,1200,4096,0,0,0,0,0,0,12,0,EF_CLASS,255,EF_STR,0,EF_AC,0,EF_SAVEMANA,0,EF_NOTRADE,1,0.0.0.0
4376,Party_Costume,2885.0,0.0.0.0.0,0,1200,4096,0,18,0,0,0,0,12,0,EF_CLASS,255,EF_HWORDGUILD,0,EF_LWORDGUILD,0,EF_STR,400,EF_INT,400,EF_DEX,400,EF_CON,400,EF_NOTRADE,1,0.0.0.0
4377,Party_Costume,2885.0,0.0.0.0.0,0,1200,4096,0,18,0,0,0,0,12,0,EF_CLASS,255,EF_HWORDGUILD,0,EF_LWORDGUILD,0,EF_STR,400,EF_INT,400,EF_DEX,400,EF_CON,400,EF_NOTRADE,1,0.0.0.0
4379,Men_Khalintz,2885.0,0.0.0.0.0,0,1200,4096,0,18,0,0,0,0,12,0,EF_CLASS,255,EF_AC,0,EF_SAVEMANA,0,EF_NOTRADE,1,EF_STR,450,EF_INT,450,EF_DEX,450,EF_CON,450,0.0.0.0
4380,Women_Khalintz,2885.0,0.0.0.0.0,0,1200,4096,0,0,0,0,0,0,12,0,EF_CLASS,255,EF_HWORDGUILD,50,EF_LWORDGUILD,50,EF_STR,550,EF_INT,550,EF_DEX,550,EF_CON,550,EF_NOTRADE,1,0.0.0.0
4382,GoldMedalCostume,2885.0,0.0.0.0.0,0,1200,0,0,0,0,0,0,0,12,0,EF_CLASS,255,EF_AC,80,EF_SAVEMANA,10,EF_NEWVALUE91,0,EF_NOTRADE,1,0.0.0.0
4383,Dark_Succubus,2885.0,0.0.0.0.0,0,1200,4096,0,0,0,0,0,0,12,0,EF_CLASS,255,EF_HWORDGUILD,45,EF_LWORDGUILD,45,EF_STR,500,EF_INT,500,EF_DEX,500,EF_CON,500,EF_NOTRADE,1,0.0.0.0
4384,Mortal_Succubus,2885.0,0.0.0.0.0,0,1200,4096,0,18,0,0,0,0,12,0,EF_CLASS,255,EF_HWORDGUILD,0,EF_LWORDGUILD,0,EF_STR,450,EF_INT,450,EF_DEX,450,EF_CON,450,EF_NOTRADE,1,0.0.0.0
4387,Lady_Wolf,2885.0,0.0.0.0.0,0,1200,4096,0,0,0,0,0,0,12,0,EF_CLASS,255,EF_HWORDGUILD,50,EF_LWORDGUILD,50,EF_STR,550,EF_INT,550,EF_DEX,550,EF_CON,550,EF_NOTRADE,1,0.0.0.0
4388,Bloody_Witch,2885.0,0.0.0.0.0,0,1200,4096,0,18,0,0,0,0,12,0,EF_CLASS,255,EF_HWORDGUILD,35,EF_LWORDGUILD,35,EF_STR,400,EF_INT,400,EF_DEX,400,EF_CON,400,EF_NOTRADE,1,0.0.0.0
4389,Bloody_Vampire,2885.0,0.0.0.0.0,0,1200,4096,0,18,0,0,0,0,12,0,EF_CLASS,255,EF_HWORDGUILD,35,EF_LWORDGUILD,35,EF_STR,400,EF_INT,400,EF_DEX,400,EF_CON,400,EF_NOTRADE,1,0.0.0.0
4390,Black_Games_Costume_(Blue),2885.0,0.0.0.0.0,0,1200,4096,0,0,0,0,0,0,12,0,EF_CLASS,255,EF_HWORDGUILD,50,EF_LWORDGUILD,50,EF_STR,550,EF_INT,550,EF_DEX,550,EF_CON,550,EF_NOTRADE,1,0.0.0.0
4391,Black_Games_Costume_(Red),2885.0,0.0.0.0.0,0,1200,4096,0,0,0,0,0,0,12,0,EF_CLASS,255,EF_HWORDGUILD,50,EF_LWORDGUILD,50,EF_STR,550,EF_INT,550,EF_DEX,550,EF_CON,550,EF_NOTRADE,1,0.0.0.0
4392,Black_Games_Costume_(Green),2885.0,0.0.0.0.0,0,1200,4096,0,0,0,0,0,0,12,0,EF_CLASS,255,EF_HWORDGUILD,50,EF_LWORDGUILD,50,EF_STR,550,EF_INT,550,EF_DEX,550,EF_CON,550,EF_NOTRADE,1,0.0.0.0
4393,Rudolph_christmas,2885.0,0.0.0.0.0,0,1200,4096,0,18,0,0,0,0,12,0,EF_CLASS,255,EF_HWORDGUILD,0,EF_LWORDGUILD,0,EF_STR,400,EF_INT,400,EF_DEX,400,EF_CON,400,EF_NOTRADE,1,0.0.0.0
4394,Rudolph_christmas,2885.0,0.0.0.0.0,0,1200,4096,0,0,0,0,0,0,12,0,EF_CLASS,255,EF_HWORDGUILD,50,EF_LWORDGUILD,50,EF_STR,600,EF_INT,600,EF_DEX,600,EF_CON,600,EF_NOTRADE,1,0.0.0.0
4395,Christmas_Elf,2885.0,0.0.0.0.0,0,1200,4096,0,18,0,0,0,0,12,0,EF_CLASS,255,EF_HWORDGUILD,0,EF_LWORDGUILD,0,EF_STR,400,EF_INT,400,EF_DEX,400,EF_CON,400,EF_NOTRADE,1,0.0.0.0
4396,Wild_Christmas,2885.0,0.0.0.0.0,0,1200,4096,0,0,0,0,0,0,12,0,EF_CLASS,255,EF_HWORDGUILD,35,EF_LWORDGUILD,35,EF_STR,400,EF_INT,400,EF_DEX,400,EF_CON,400,EF_NOTRADE,1,0.0.0.0
4397,Normal_Hunter_Costume,2885.0,0.0.0.0.0,0,1200,4096,0,0,0,0,0,0,12,0,EF_CLASS,255,EF_HWORDGUILD,0,EF_LWORDGUILD,0,EF_STR,0,EF_INT,0,EF_DEX,0,EF_CON,0,EF_NOTRADE,1,EF_TRANS,1,0.0.0.0
4398,Mystic_Hunter_Costume,2885.0,0.0.0.0.0,0,1200,4096,0,18,0,0,0,0,12,0,EF_CLASS,255,EF_HWORDGUILD,0,EF_LWORDGUILD,0,EF_STR,500,EF_INT,500,EF_DEX,500,EF_CON,500,EF_NOTRADE,1,0.0.0.0
4399,Arcane_Hunter_Costume,2885.0,0.0.0.0.0,0,1200,4096,0,18,0,0,0,0,12,0,EF_CLASS,255,EF_HWORDGUILD,50,EF_LWORDGUILD,50,EF_STR,500,EF_INT,500,EF_DEX,500,EF_CON,500,EF_NOTRADE,1,0.0.0.0
4400,2022CostumeF,2885.0,0.0.0.0.0,0,1200,4096,0,0,0,0,0,0,12,0,EF_CLASS,255,EF_HWORDGUILD,35,EF_LWORDGUILD,35,EF_STR,400,EF_INT,400,EF_DEX,400,EF_CON,400,EF_NOTRADE,1,0.0.0.0
4401,2022CostumeM,2885.0,0.0.0.0.0,0,1200,4096,0,0,0,0,0,0,12,0,EF_CLASS,255,EF_HWORDGUILD,50,EF_LWORDGUILD,50,EF_STR,600,EF_INT,600,EF_DEX,600,EF_CON,600,EF_NOTRADE,1,0.0.0.0
4402,Lady_Warrior_Costume,2885.0,0.0.0.0.0,0,1200,4096,0,0,0,0,0,0,12,0,EF_CLASS,255,EF_HWORDGUILD,45,EF_LWORDGUILD,45,EF_STR,550,EF_INT,550,EF_DEX,550,EF_CON,550,EF_NOTRADE,1,0.0.0.0
4403,Carnival_Lady,2885.0,0.0.0.0.0,0,1200,4096,0,0,0,0,0,0,12,0,EF_CLASS,255,EF_HWORDGUILD,50,EF_LWORDGUILD,50,EF_STR,600,EF_INT,600,EF_DEX,600,EF_CON,600,EF_NOTRADE,1,0.0.0.0
4404,Festival_Freya(F),2885.0,0.0.0.0.0,0,1200,4096,0,18,0,0,0,0,12,0,EF_CLASS,255,EF_HWORDGUILD,0,EF_LWORDGUILD,0,EF_STR,400,EF_INT,400,EF_DEX,400,EF_CON,400,EF_NOTRADE,1,0.0.0.0
4405,Festival_Freya(M),2885.0,0.0.0.0.0,0,1200,4096,0,0,0,0,0,0,12,0,EF_CLASS,255,EF_HWORDGUILD,55,EF_LWORDGUILD,55,EF_STR,650,EF_INT,650,EF_DEX,650,EF_CON,650,EF_NOTRADE,1,0.0.0.0
4412,Bahamut's_Soldier,2885.0,0.0.0.0.0,0,1200,4096,0,0,0,0,0,0,12,0,EF_CLASS,255,EF_HWORDGUILD,55,EF_LWORDGUILD,55,EF_STR,650,EF_INT,650,EF_DEX,650,EF_CON,650,EF_NOTRADE,1,0.0.0.0
4415,Bahamut_Disciple,2885.0,0.0.0.0.0,0,1200,4096,0,0,0,0,0,0,12,0,EF_CLASS,255,EF_HWORDGUILD,30,EF_LWORDGUILD,30,EF_STR,800,EF_INT,800,EF_DEX,800,EF_CON,800,EF_NOTRADE,1,0.0.0.0
4416,Bahamut_General,2885.0,0.0.0.0.0,0,1200,4096,0,0,0,0,0,0,12,0,EF_CLASS,255,EF_HWORDGUILD,60,EF_LWORDGUILD,60,EF_STR,800,EF_INT,800,EF_DEX,800,EF_CON,800,EF_NOTRADE,1,0.0.0.0
4420,McLoki_Costume,2885.0,0.0.0.0.0,0,1200,4096,0,0,0,0,0,0,12,0,EF_CLASS,255,EF_HWORDGUILD,60,EF_LWORDGUILD,60,EF_STR,800,EF_INT,800,EF_DEX,800,EF_CON,800,EF_NOTRADE,1,0.0.0.0
4900,Treasure_box_1,45.0,0.0.0.0.0,0,0,0,0,0,0,0,0,0,0,0,0.0.0.0
4901,Treasure_box_2,45.0,0.0.0.0.0,0,0,0,0,0,0,0,0,0,0,0,0.0.0.0
4902,Treasure_box_3,45.0,0.0.0.0.0,0,0,0,0,0,0,0,0,0,0,0,0.0.0.0
4903,Treasure_box_4,45.0,0.0.0.0.0,0,0,0,0,0,0,0,0,0,0,0,0.0.0.0
4904,Treasure_box_5,45.0,0.0.0.0.0,0,0,0,0,0,0,0,0,0,0,0,0.0.0.0
4905,Money_Cube,45.0,0.0.0.0.0,0,100000,0,0,0,0,0,0,0,0,0,0.0.0.0
4906,Victory_Coupon,2822.0,0.0.0.0.0,0,0,0,0,0,0,0,0,0,0,0,EF_CLASS,255,EF_NOTRADE,1,EF_NEWVALUE93,1,0.1.0.0
4907,SRP_Coupon,2822.0,0.0.0.0.0,0,0,0,0,0,0,0,0,0,0,0,EF_CLASS,255,EF_NOTRADE,1,0.1.0.0
4909,Raid_Box,736.0,0.0.0.0.0,0,100,0,0,0,0,0,0,0,0,0,EF_CLASS,255,EF_VOLATILE,60,EF_AMOUNT,1,EF_NOTRADE,1,EF_NEWVALUE93,1,0.1.0.0
5110,Ansuz,2872.2,0.0.0.0.0,0,0,0,0,0,0,0,0,0,0,0,0.0.0.0
5111,Uraz,2872.0,0.0.0.0.0,0,0,0,0,0,0,0,0,0,0,0,0.0.0.0
5112,Thurisaz,2872.23,0.0.0.0.0,0,0,0,0,0,0,0,0,0,0,0,0.0.0.0
5113,Fehu,2872.14,0.0.0.0.0,0,0,0,0,0,0,0,0,0,0,0,0.0.0.0
5114,Raidho,2872.15,0.0.0.0.0,0,0,0,0,0,0,0,0,0,0,0,0.0.0.0
5115,Kenaz,2872.11,0.0.0.0.0,0,0,0,0,0,0,0,0,0,0,0,0.0.0.0
5116,Naudhiz,2872.8,0.0.0.0.0,0,0,0,0,0,0,0,0,0,0,0,0.0.0.0
5117,Gebo,2872.3,0.0.0.0.0,0,0,0,0,0,0,0,0,0,0,0,0.0.0.0
5118,Wunjo,2872.13,0.0.0.0.0,0,0,0,0,0,0,0,0,0,0,0,0.0.0.0
5119,Hagalaz,2872.16,0.0.0.0.0,0,0,0,0,0,0,0,0,0,0,0,0.0.0.0
5120,Isa,2872.21,0.0.0.0.0,0,0,0,0,0,0,0,0,0,0,0,0.0.0.0
5121,Jara,2872.12,0.0.0.0.0,0,0,0,0,0,0,0,0,0,0,0,0.0.0.0
5122,Elhwaz,2872.6,0.0.0.0.0,0,0,0,0,0,0,0,0,0,0,0,0.0.0.0
5123,Perthro,2872.9,0.0.0.0.0,0,0,0,0,0,0,0,0,0,0,0,0.0.0.0
5124,Elhaz,2872.5,0.0.0.0.0,0,0,0,0,0,0,0,0,0,0,0,0.0.0.0
5125,sowilo,2872.20,0.0.0.0.0,0,0,0,0,0,0,0,0,0,0,0,0.0.0.0
5126,Berkano,2872.19,0.0.0.0.0,0,0,0,0,0,0,0,0,0,0,0,0.0.0.0
5127,Ehwaz,2872.18,0.0.0.0.0,0,0,0,0,0,0,0,0,0,0,0,0.0.0.0
5128,Tiwaz,2872.10,0.0.0.0.0,0,0,0,0,0,0,0,0,0,0,0,0.0.0.0
5129,Mannaz,2872.4,0.0.0.0.0,0,0,0,0,0,0,0,0,0,0,0,0.0.0.0
5130,Laguz,2872.17,0.0.0.0.0,0,0,0,0,0,0,0,0,0,0,0,0.0.0.0
5131,Dagaz,2872.22,0.0.0.0.0,0,0,0,0,0,0,0,0,0,0,0,0.0.0.0
5132,Ing,2872.7,0.0.0.0.0,0,0,0,0,0,0,0,0,0,0,0,0.0.0.0
5133,Othel,2872.1,0.0.0.0.0,0,0,0,0,0,0,0,0,0,0,0,0.0.0.0
5156,Red_Gift,2764.0,0.0.0.0.0,0,0,0,0,0,0,0,0,0,0,0,EF_NOTRADE,1,0.1.0.0
5157,Purple_Gift,2764.0,0.0.0.0.0,0,0,0,0,0,0,0,0,0,0,0,EF_NOTRADE,1,0.1.0.0
5158,Golden_Gift,2764.0,0.0.0.0.0,0,0,0,0,0,0,0,0,0,0,0,EF_NOTRADE,1,0.1.0.0
5159,Cursed_Pumpkin,2764.0,0.0.0.0.0,0,0,0,0,0,0,0,0,0,0,0,EF_NOTRADE,1,0.1.0.0
5160,Cursed_Gift,0.0,0.0.0.0.0,0,0,0,0,0,0,0,0,0,0,0,EF_NOTRADE,1,0.1.0.0
5161,Cursed_Hat(Black),0.0,0.0.0.0.0,0,0,0,0,0,0,0,0,0,0,0,EF_NEWVALUE93,1,EF_NOTRADE,0,0.1.0.0
5162,Cursed_Hat(Blue),0.0,0.0.0.0.0,0,0,0,0,0,0,0,0,0,0,0,EF_NOTRADE,1,0.1.0.0
5163,Cursed_Hat(Yellow),0.0,0.0.0.0.0,0,0,0,0,0,0,0,0,0,0,0,EF_NOTRADE,1,0.1.0.0
5164,Cursed_Hat(Green),0.0,0.0.0.0.0,0,0,0,0,0,0,0,0,0,0,0,EF_NOTRADE,1,0.1.0.0
5165,Cursed_Hat(Red),0.0,0.0.0.0.0,0,0,0,0,0,0,0,0,0,0,0,EF_NOTRADE,1,0.1.0.0
5166,Black_Coin,0.0,0.0.0.0.0,0,0,0,0,0,0,0,0,0,0,0,EF_NOTRADE,1,0.1.0.0
5167,Black_Box,0.0,0.0.0.0.0,0,0,0,0,0,0,0,0,0,0,0,EF_NOTRADE,1,0.1.0.0
5168,Black_Friday_Gift,0.0,0.0.0.0.0,0,0,0,0,0,0,0,0,0,0,0,EF_NOTRADE,1,0.1.0.0
5169,Blue_socks,0.0,0.0.0.0.0,0,0,0,0,0,0,0,0,0,0,0,EF_NOTRADE,1,0.1.0.0
5170,Golden_socks,0.0,0.0.0.0.0,0,0,0,0,0,0,0,0,0,0,0,EF_NOTRADE,1,0.1.0.0
5171,Red_Bag,0.0,0.0.0.0.0,0,0,0,0,0,0,0,0,0,0,0,EF_NOTRADE,1,0.1.0.0
5172,Blue_Bag,0.0,0.0.0.0.0,0,0,0,0,0,0,0,0,0,0,0,EF_NOTRADE,1,0.1.0.0
5173,Yellow_Bag,0.0,0.0.0.0.0,0,0,0,0,0,0,0,0,0,0,0,EF_NOTRADE,1,0.1.0.0
5174,Green_Bag,0.0,0.0.0.0.0,0,0,0,0,0,0,0,0,0,0,0,EF_NOTRADE,2,0.1.0.0
5175,Green_Mask,0.0,0.0.0.0.0,0,0,0,0,0,0,0,0,0,0,0,EF_NOTRADE,1,0.1.0.0
5176,Blue_Mask,0.0,0.0.0.0.0,0,0,0,0,0,0,0,0,0,0,0,EF_NOTRADE,1,0.1.0.0
5177,Pink_Mask,0.0,0.0.0.0.0,0,0,0,0,0,0,0,0,0,0,0,EF_NOTRADE,1,0.1.0.0
5178,Yellow_Mask,0.0,0.0.0.0.0,0,0,0,0,0,0,0,0,0,0,0,EF_NOTRADE,1,0.1.0.0
5179,Red_Mask,0.0,0.0.0.0.0,0,0,0,0,0,0,0,0,0,0,0,EF_NOTRADE,1,0.1.0.0
5180,Blue_Vuvuzela,0.0,0.0.0.0.0,0,0,0,0,0,0,0,0,0,0,0,0.1.0.0
5181,Red_Vuvuzela,0.0,0.0.0.0.0,0,0,0,0,0,0,0,0,0,0,0,0.1.0.0
5182,Green_Vuvuzela,0.0,0.0.0.0.0,0,0,0,0,0,0,0,0,0,0,0,0.1.0.0
5183,Yellow_Vuvuzela,0.0,0.0.0.0.0,0,0,0,0,0,0,0,0,0,0,0,0.1.0.0
5184,White_Vuvuzela,0.0,0.0.0.0.0,0,0,0,0,0,0,0,0,0,0,0,0.1.0.0
5185,Top_Hat,0.0,0.0.0.0.0,0,0,0,0,0,0,0,0,0,0,0,EF_NOTRADE,1,0.1.0.0
5186,CherryBlossoms,0.0,0.0.0.0.0,0,0,0,0,0,0,0,0,0,61,1,EF_NOTRADE,1,0.1.0.0
5187,Bronze_Medal,0.0,0.0.0.0.0,0,0,0,0,0,0,0,0,0,0,0,EF_NOTRADE,1,0.1.0.0
5188,Silver_Medal,0.0,0.0.0.0.0,0,0,0,0,0,0,0,0,0,0,0,EF_NOTRADE,1,0.1.0.0
5189,Golden_Medal,0.0,0.0.0.0.0,0,0,0,0,0,0,0,0,0,0,0,EF_NOTRADE,1,0.1.0.0
5190,Silicon_Coin,0.0,0.0.0.0.0,0,0,0,0,0,0,0,0,0,0,0,EF_NOTRADE,1,0.1.0.0
5191,EasterBasket,0.0,0.0.0.0.0,0,0,0,0,0,0,0,0,0,0,0,EF_NOTRADE,1,0.1.0.0
5192,CherryBlossom_Petal,0.0,0.0.0.0.0,0,0,0,0,0,0,0,0,0,0,0,EF_NOTRADE,1,0.1.0.0
5193,Loki_Coin,0.0,0.0.0.0.0,0,0,0,0,0,0,0,0,0,0,0,0.1.0.0
5194,Event_Coin,0.0,0.0.0.0.0,0,0,0,0,0,0,0,0,0,0,0,0.1.0.0
5195,bet_coin,0.0,0.0.0.0.0,0,0,0,0,0,0,0,0,0,0,0,EF_NOTRADE,1,0.1.0.0
5199,ice_essence,0.0,0.0.0.0.0,0,0,0,0,0,0,0,0,0,0,0,EF_NOTRADE,1,EF_NEWVALUE93,1,0.1.0.0
5203,Commemorative_Coin,0.0,0.0.0.0.0,0,0,0,0,0,0,0,0,0,0,0,EF_NOTRADE,2,0.1.0.0
5204,Green_Ring,0.0,0.0.0.0.0,0,0,0,0,0,0,0,0,0,0,0,EF_NOTRADE,1,0.1.0.0
5205,Blue_Ring,0.0,0.0.0.0.0,0,0,0,0,0,0,0,0,0,0,0,EF_NOTRADE,1,0.1.0.0
5206,Red_Ring,0.0,0.0.0.0.0,0,0,0,0,0,0,0,0,0,0,0,EF_NOTRADE,1,0.1.0.0
5207,Yellow_Ring,0.0,0.0.0.0.0,0,0,0,0,0,0,0,0,0,0,0,EF_NOTRADE,1,0.1.0.0
5208,Black_Ring,0.0,0.0.0.0.0,0,0,0,0,0,0,0,0,0,0,0,EF_NOTRADE,1,0.1.0.0
5209,Olympic_Torch,0.0,0.0.0.0.0,0,0,0,0,0,0,0,0,0,0,0,EF_NOTRADE,1,0.1.0.0
5210,Olympic_Ticket,0.0,0.0.0.0.0,0,0,0,0,0,0,0,0,0,0,0,EF_NOTRADE,1,0.1.0.0
5212,Orange_Medal,0.0,0.0.0.0.0,0,0,0,0,0,0,0,0,0,0,0,0.1.0.0
5213,Pink_Medal,0.0,0.0.0.0.0,0,0,0,0,0,0,0,0,0,0,0,EF_NOTRADE,1,0.1.0.0
5214,Evil_Pumpkin,0.0,0.0.0.0.0,0,0,0,0,0,0,0,0,0,0,0,EF_NOTRADE,1,0.1.0.0
5216,Hunting_Authorization,0.0,0.0.0.0.0,0,0,0,0,0,0,0,0,0,0,0,EF_VOLATILE,1,EF_NOTRADE,2,0.1.0.0
5217,Hunting_Loot,0.0,0.0.0.0.0,0,0,0,0,0,0,0,0,0,54,0,EF_NOTRADE,2,0.1.0.0
5218,Lost_Treasure(Arcane),0.0,0.0.0.0.0,0,0,0,0,0,0,0,0,0,0,0,EF_NOTRADE,1,0.1.0.0
5219,Lost_Treasure(Mystic),0.0,0.0.0.0.0,0,0,0,0,0,0,0,0,0,0,0,EF_NOTRADE,1,0.1.0.0
5220,Lost_Treasure(Normal),0.0,0.0.0.0.0,0,0,0,0,0,0,0,0,0,0,0,EF_NOTRADE,1,0.1.0.0
5221,Mercenary_Coupon,0.0,0.0.0.0.0,0,0,0,0,0,0,0,0,0,0,0,EF_NOTRADE,1,0.1.0.0
5222,Ruby,0.0,0.0.0.0.0,0,0,0,0,0,0,0,0,0,0,0,EF_NOTRADE,1,0.1.0.0
5224,3_leaf_clover,0.0,0.0.0.0.0,0,0,0,0,0,0,0,0,0,0,0,EF_NOTRADE,1,0.1.0.0
5225,Essence_of_Loki_I,0.0,0.0.0.0.0,0,0,0,0,0,0,0,0,0,54,0,EF_NOTRADE,1,0.1.0.0
5226,Essence_of_Loki_II,0.0,0.0.0.0.0,0,0,0,0,0,0,0,0,0,54,0,EF_NOTRADE,1,0.1.0.0
5227,Loki_Crystal(Amunra),0.0,0.0.0.0.0,0,0,0,0,0,0,0,0,0,54,0,EF_NOTRADE,1,0.1.0.0
5228,Bahamut's_Treasure,0.0,0.0.0.0.0,0,0,0,0,0,0,0,0,0,0,0,EF_NOTRADE,2,0.1.0.0
5229,Bahamut's_Blood,0.0,0.0.0.0.0,0,0,0,0,0,0,0,0,0,0,0,EF_NOTRADE,1,0.1.0.0
5231,Bahamut_Tear(Happiness),0.0,0.0.0.0.0,0,0,0,0,0,0,0,0,0,0,0,EF_NOTRADE,1,0.1.0.0
5232,Bahamut_Tear(Lucky),0.0,0.0.0.0.0,0,0,0,0,0,0,0,0,0,0,0,EF_NOTRADE,1,0.1.0.0
5233,Bahamut_Tear(Rage),0.0,0.0.0.0.0,0,0,0,0,0,0,0,0,0,0,0,EF_NOTRADE,1,0.1.0.0
5234,Bahamut_Tear(Sadness),0.0,0.0.0.0.0,0,0,0,0,0,0,0,0,0,0,0,EF_NOTRADE,1,0.1.0.0
5500,Divine_Protection_Book,997.0,200.0.0.0.0,0,50000000,0,0,0,0,0,0,0,0,0,EF_CLASS,1,EF_VOLATILE,32,0.0.0.0
5501,Divine_Blessing_Book,998.0,240.0.0.0.0,0,50000000,0,0,0,0,0,0,0,0,0,EF_CLASS,1,EF_VOLATILE,32,0.0.0.0
5502,Blaze_Luncher_Book,999.0,280.0.0.0.0,0,10000,0,0,0,0,0,0,0,0,0,EF_CLASS,1,EF_VOLATILE,32,0.0.0.0
5503,Clod_Attack_Book,1000.0,320.0.0.0.0,0,12000,0,0,0,0,0,0,0,0,0,EF_CLASS,1,EF_VOLATILE,32,0.0.0.0
5504,Blood_Book,1001.0,200.0.0.0.0,0,50000000,0,0,0,0,0,0,0,0,0,EF_CLASS,1,EF_VOLATILE,32,0.0.0.0
5505,Weapon_Master_Book,1002.0,240.0.0.0.0,0,50000000,0,0,0,0,0,0,0,0,0,EF_CLASS,1,EF_VOLATILE,32,0.0.0.0
5506,Fencing_Master_Book,1003.0,280.0.0.0.0,0,10000,0,0,0,0,0,0,0,0,0,EF_CLASS,1,EF_VOLATILE,32,0.0.0.0
5507,WindStorm_Book,1004.0,320.0.0.0.0,0,12000,0,0,0,0,0,0,0,0,0,EF_CLASS,1,EF_VOLATILE,32,0.0.0.0
5508,Mirror_Magic_Book,1005.0,200.0.0.0.0,0,50000000,0,0,0,0,0,0,0,0,0,EF_CLASS,1,EF_VOLATILE,32,0.0.0.0
5509,Ice_Binding_Book,1006.0,240.0.0.0.0,0,50000000,0,0,0,0,0,0,0,0,0,EF_CLASS,1,EF_VOLATILE,32,0.0.0.0
5510,Freezing_Counter_Book,1007.0,280.0.0.0.0,0,10000,0,0,0,0,0,0,0,0,0,EF_CLASS,1,EF_VOLATILE,32,0.0.0.0
5511,Seal_Master_Book,1008.0,320.0.0.0.0,0,12000,0,0,0,0,0,0,0,0,0,EF_CLASS,1,EF_VOLATILE,32,0.0.0.0
5512,Cenote_Book,1009.0,200.0.0.0.0,0,50000000,0,0,0,0,0,0,0,0,0,EF_CLASS,2,EF_VOLATILE,32,0.0.0.0
5513,Absolute_Protection_Book,1010.0,240.0.0.0.0,0,50000000,0,0,0,0,0,0,0,0,0,EF_CLASS,2,EF_VOLATILE,32,0.0.0.0
5514,Life_Wave_Book,1011.0,280.0.0.0.0,0,10000,0,0,0,0,0,0,0,0,0,EF_CLASS,2,EF_VOLATILE,32,0.0.0.0
5515,Holy_Power_Book,1012.0,320.0.0.0.0,0,12000,0,0,0,0,0,0,0,0,0,EF_CLASS,2,EF_VOLATILE,32,0.0.0.0
5516,Mystery_Magic_Book,1013.0,200.0.0.0.0,0,50000000,0,0,0,0,0,0,0,0,0,EF_CLASS,2,EF_VOLATILE,32,0.0.0.0
5517,Freezing_Skillful_Book,1014.0,240.0.0.0.0,0,50000000,0,0,0,0,0,0,0,0,0,EF_CLASS,2,EF_VOLATILE,32,0.0.0.0
5518,Thunder_Force_Book,1015.0,280.0.0.0.0,0,10000,0,0,0,0,0,0,0,0,0,EF_CLASS,2,EF_VOLATILE,32,0.0.0.0
5519,Thunder_Lising_Book,1016.0,320.0.0.0.0,0,12000,0,0,0,0,0,0,0,0,0,EF_CLASS,2,EF_VOLATILE,32,0.0.0.0
5520,Remove_Memory_Book,1017.0,200.0.0.0.0,0,50000000,0,0,0,0,0,0,0,0,0,EF_CLASS,2,EF_VOLATILE,32,0.0.0.0
5521,Incapacitate_Book,1018.0,240.0.0.0.0,0,50000000,0,0,0,0,0,0,0,0,0,EF_CLASS,2,EF_VOLATILE,32,0.0.0.0
5522,Special_Master_Book,1019.0,280.0.0.0.0,0,10000,0,0,0,0,0,0,0,0,0,EF_CLASS,2,EF_VOLATILE,32,0.0.0.0
5523,Another_Change_Book,1020.0,320.0.0.0.0,0,12000,0,0,0,0,0,0,0,0,0,EF_CLASS,2,EF_VOLATILE,32,0.0.0.0
5524,Anti_Magic_Shield_Book,1021.0,200.0.0.0.0,0,50000000,0,0,0,0,0,0,0,0,0,EF_CLASS,4,EF_VOLATILE,32,0.0.0.0
5525,Resistance_Flame_Book,1022.0,240.0.0.0.0,0,50000000,0,0,0,0,0,0,0,0,0,EF_CLASS,4,EF_VOLATILE,32,0.0.0.0
5526,Resi_Decrease_Book,1023.0,280.0.0.0.0,0,10000,0,0,0,0,0,0,0,0,0,EF_CLASS,4,EF_VOLATILE,32,0.0.0.0
5527,Manaburn_Master_Book,1024.0,320.0.0.0.0,0,12000,0,0,0,0,0,0,0,0,0,EF_CLASS,4,EF_VOLATILE,32,0.0.0.0
5528,Mind_Unity_Book,1025.0,200.0.0.0.0,0,50000000,0,0,0,0,0,0,0,0,0,EF_CLASS,4,EF_VOLATILE,32,0.0.0.0
5529,Final_Summon_Book,1026.0,240.0.0.0.0,0,50000000,0,0,0,0,0,0,0,0,0,EF_CLASS,4,EF_VOLATILE,32,0.0.0.0
5530,Poworful_Summon_Book,1027.0,280.0.0.0.0,0,10000,0,0,0,0,0,0,0,0,0,EF_CLASS,4,EF_VOLATILE,32,0.0.0.0
5531,Ice_Armor_Book,1028.0,320.0.0.0.0,0,12000,0,0,0,0,0,0,0,0,0,EF_CLASS,4,EF_VOLATILE,32,0.0.0.0
5532,Hard_Shell_Book,1029.0,200.0.0.0.0,0,50000000,0,0,0,0,0,0,0,0,0,EF_CLASS,4,EF_VOLATILE,32,0.0.0.0
5533,Intention_Thorns_Book,1030.0,240.0.0.0.0,0,50000000,0,0,0,0,0,0,0,0,0,EF_CLASS,4,EF_VOLATILE,32,0.0.0.0
5534,Weapon_Power_Book,1031.0,280.0.0.0.0,0,10000,0,0,0,0,0,0,0,0,0,EF_CLASS,4,EF_VOLATILE,32,0.0.0.0
5535,Last_Resistance_Book,1032.0,320.0.0.0.0,0,12000,0,0,0,0,0,0,0,0,0,EF_CLASS,4,EF_VOLATILE,32,0.0.0.0
5536,Counter_Attack_Book,1033.0,200.0.0.0.0,0,50000000,0,0,0,0,0,0,0,0,0,EF_CLASS,8,EF_VOLATILE,32,0.0.0.0
5537,RapidHit_Skillful_Book,1034.0,240.0.0.0.0,0,50000000,0,0,0,0,0,0,0,0,0,EF_CLASS,8,EF_VOLATILE,32,0.0.0.0
5538,Skill_Master_Book,1035.0,280.0.0.0.0,0,10000,0,0,0,0,0,0,0,0,0,EF_CLASS,8,EF_VOLATILE,32,0.0.0.0
5539,Freezing_Book,1036.0,320.0.0.0.0,0,12000,0,0,0,0,0,0,0,0,0,EF_CLASS,8,EF_VOLATILE,32,0.0.0.0
5540,Point_Master_Book,1037.0,200.0.0.0.0,0,50000000,0,0,0,0,0,0,0,0,0,EF_CLASS,8,EF_VOLATILE,32,0.0.0.0
5541,Rob_Money_Book,1038.0,240.0.0.0.0,0,50000000,0,0,0,0,0,0,0,0,0,EF_CLASS,8,EF_VOLATILE,32,0.0.0.0
5542,Plunder_Book,1039.0,280.0.0.0.0,0,10000,0,0,0,0,0,0,0,0,0,EF_CLASS,8,EF_VOLATILE,32,0.0.0.0
5543,Reinforce_Soul_Book,1040.0,320.0.0.0.0,0,12000,0,0,0,0,0,0,0,0,0,EF_CLASS,8,EF_VOLATILE,32,0.0.0.0
5544,Direct_Shoot_Book,1041.0,200.0.0.0.0,0,50000000,0,0,0,0,0,0,0,0,0,EF_CLASS,8,EF_VOLATILE,32,0.0.0.0
5545,Claw_Skillful_Book,1042.0,240.0.0.0.0,0,50000000,0,0,0,0,0,0,0,0,0,EF_CLASS,8,EF_VOLATILE,32,0.0.0.0
5546,Bleeding_Book,1043.0,280.0.0.0.0,0,10000,0,0,0,0,0,0,0,0,0,EF_CLASS,8,EF_VOLATILE,32,0.0.0.0
5547,Ambush_Book,1044.0,320.0.0.0.0,0,12000,0,0,0,0,0,0,0,0,0,EF_CLASS,8,EF_VOLATILE,32,0.0.0.0
5600,Fairy_Dust,78.0,0.0.0.0.0,0,1000,0,0,0,0,0,0,0,0,0,EF_VOLATILE,7,EF_NOTRADE,1,0.0.0.0
5604,Shiny_Laktorerium_pieces,0.0,0.0.0.0.0,0,0,0,0,0,0,0,0,0,0,0,EF_NOTRADE,1,EF_NEWVALUE93,1,0.0.0.0
5605,Dragon_Blood,0.0,0.0.0.0.0,0,0,0,0,0,0,0,0,0,0,0,8.0.0.0
5700,Mana's_belt,0.0,0.0.0.0.0,0,10000000,131072,10000,0,0,0,0,0,0,0,EF_CLASS,255,EF_REFLEVEL,4,EF_AC,80,EF_MPADD,17,EF_NOTRADE,1,0.0.0.0
5701,Physical_Strength_belt,0.0,0.0.0.0.0,0,10000000,131072,10000,0,0,0,0,0,0,0,EF_CLASS,255,EF_REFLEVEL,4,EF_AC,80,EF_HPADD,17,EF_NOTRADE,1,0.0.0.0
5702,Dexterity_belt,0.0,0.0.0.0.0,0,10000000,131072,10000,0,0,0,0,0,0,0,EF_CLASS,255,EF_REFLEVEL,4,EF_AC,80,EF_ATTSPEED,210,EF_NOTRADE,1,0.0.0.0
5703,Magical_belt,0.0,0.0.0.0.0,0,10000000,131072,10000,0,0,0,0,0,0,0,EF_CLASS,255,EF_REFLEVEL,4,EF_AC,80,EF_MAGIC,10,EF_NOTRADE,1,0.0.0.0
5704,Power_belt,0.0,0.0.0.0.0,0,10000000,131072,10000,0,0,0,0,0,0,0,EF_CLASS,255,EF_REFLEVEL,4,EF_AC,80,EF_DAMAGE,45,EF_NOTRADE,1,0.0.0.0
5705,Madness_belt,0.0,0.0.0.0.0,0,10000000,131072,10000,0,0,0,0,0,0,0,EF_CLASS,255,EF_REFLEVEL,5,EF_AC,100,EF_LTOTKILL,12,EF_NOTRADE,1,0.0.0.0
5706,Guardian_belt,0.0,0.0.0.0.0,0,10000000,131072,10000,0,0,0,0,0,0,0,EF_CLASS,255,EF_REFLEVEL,5,EF_AC,100,EF_HTOTKILL,10,EF_NOTRADE,1,0.0.0.0
5707,Bahamut_Mana's_belt,0.0,0.0.0.0.0,0,10000000,131072,10000,0,0,50,0,0,0,0,EF_CLASS,255,EF_MPADD,20,EF_REFLEVEL,4,EF_STR,150,EF_DEX,150,EF_INT,150,EF_CON,150,EF_LWORDGUILD,20,EF_AC,80,EF_TRANS,3,EF_NOTRADE,1,0.0.0.0
5708,Bahamut_Physical_Strength_belt,0.0,0.0.0.0.0,0,10000000,131072,10000,0,0,50,0,0,0,0,EF_CLASS,255,EF_HPADD,20,EF_REFLEVEL,4,EF_STR,150,EF_DEX,150,EF_INT,150,EF_CON,150,EF_LWORDGUILD,20,EF_AC,80,EF_TRANS,3,EF_NOTRADE,1,0.0.0.0
5709,Bahamut_Dexterity_belt,0.0,0.0.0.0.0,0,10000000,131072,10000,0,0,50,0,0,0,0,EF_CLASS,255,EF_ATTSPEED,250,EF_REFLEVEL,4,EF_STR,150,EF_DEX,150,EF_INT,150,EF_CON,150,EF_LWORDGUILD,20,EF_AC,80,EF_TRANS,3,EF_NOTRADE,1,0.0.0.0
5710,Bahamut_Magical_belt,0.0,0.0.0.0.0,0,10000000,131072,10000,0,0,50,0,0,0,0,EF_CLASS,255,EF_MAGIC,12,EF_REFLEVEL,4,EF_STR,150,EF_DEX,150,EF_INT,150,EF_CON,150,EF_LWORDGUILD,20,EF_AC,80,EF_TRANS,3,EF_NOTRADE,1,0.0.0.0
5711,Bahamut_Power_belt,0.0,0.0.0.0.0,0,10000000,131072,10000,0,0,50,0,0,0,0,EF_CLASS,255,EF_DAMAGE,54,EF_REFLEVEL,4,EF_STR,150,EF_DEX,150,EF_INT,150,EF_CON,150,EF_LWORDGUILD,20,EF_AC,80,EF_TRANS,3,EF_NOTRADE,1,0.0.0.0
5712,Bahamut_Madness_belt,0.0,0.0.0.0.0,0,10000000,131072,10000,0,0,50,0,0,0,0,EF_CLASS,255,EF_LTOTKILL,17,EF_REFLEVEL,5,EF_STR,150,EF_DEX,150,EF_INT,150,EF_CON,150,EF_LWORDGUILD,20,EF_AC,100,EF_TRANS,3,EF_NOTRADE,1,0.0.0.0
5713,Bahamut_Guardian_belt,0.0,0.0.0.0.0,0,10000000,131072,10000,0,0,50,0,0,0,0,EF_CLASS,255,EF_HTOTKILL,15,EF_REFLEVEL,5,EF_STR,150,EF_DEX,150,EF_INT,150,EF_CON,150,EF_LWORDGUILD,20,EF_AC,100,EF_TRANS,3,EF_NOTRADE,1,0.0.0.0
5721,Old_Mana's_belt,0.0,0.0.0.0.0,0,10000,131072,10000,0,0,0,0,0,0,0,EF_CLASS,255,EF_REFLEVEL,5,EF_AC,50,EF_MPADD,10,EF_NEWVALUE93,1,0.0.0.0
5722,Old_Physical_Strength_belt,0.0,0.0.0.0.0,0,10000,131072,10000,0,0,0,0,0,0,0,EF_CLASS,255,EF_REFLEVEL,5,EF_AC,50,EF_HPADD,10,EF_NEWVALUE93,1,0.0.0.0
5723,Old_Resistance_belt,0.0,0.0.0.0.0,0,10000,131072,10000,0,0,0,0,0,0,0,EF_CLASS,255,EF_REFLEVEL,5,EF_AC,50,EF_RESISTALL,10,EF_NEWVALUE93,1,0.0.0.0
5724,Old_Magical_belt,0.0,0.0.0.0.0,0,10000,131072,10000,0,0,0,0,0,0,0,EF_CLASS,255,EF_REFLEVEL,5,EF_AC,50,EF_MAGIC,8,EF_NEWVALUE93,1,0.0.0.0
5725,Old_Power_belt,0.0,0.0.0.0.0,0,10000,131072,10000,0,0,0,0,0,0,0,EF_CLASS,255,EF_REFLEVEL,5,EF_AC,50,EF_DAMAGE,36,EF_NEWVALUE93,1,0.0.0.0
5750,Mana_necklace,0.0,0.0.0.0.0,0,10000000,65536,10000,0,0,0,0,0,0,0,EF_CLASS,255,EF_MPADD,17,EF_REFLEVEL,4,EF_NOTRADE,1,0.0.0.0
5751,Physical_Strength_necklace,0.0,0.0.0.0.0,0,10000000,65536,10000,0,0,0,0,0,0,0,EF_CLASS,255,EF_HPADD,17,EF_REFLEVEL,4,EF_NOTRADE,1,0.0.0.0
5752,Dexterity_necklace,0.0,0.0.0.0.0,0,10000000,65536,10000,0,0,0,0,0,0,0,EF_CLASS,255,EF_ATTSPEED,210,EF_REFLEVEL,4,EF_NOTRADE,1,0.0.0.0
5753,Magical_necklace,0.0,0.0.0.0.0,0,10000000,65536,10000,0,0,0,0,0,0,0,EF_CLASS,255,EF_MAGIC,10,EF_REFLEVEL,4,EF_NOTRADE,1,0.0.0.0
5754,Power_necklace,0.0,0.0.0.0.0,0,10000000,65536,10000,0,0,0,0,0,0,0,EF_CLASS,255,EF_DAMAGE,45,EF_REFLEVEL,4,EF_NOTRADE,1,0.0.0.0
5755,Madness_necklace,0.0,0.0.0.0.0,0,10000000,65536,10000,0,0,0,0,0,0,0,EF_CLASS,255,EF_LTOTKILL,15,EF_REFLEVEL,5,EF_NOTRADE,1,0.0.0.0
5756,Guardian_necklace,0.0,0.0.0.0.0,0,10000000,65536,10000,0,0,0,0,0,0,0,EF_CLASS,255,EF_HTOTKILL,13,EF_REFLEVEL,5,EF_NOTRADE,1,0.0.0.0
5757,Bahamut_Mana's_necklace,0.0,0.0.0.0.0,0,10000000,65536,10000,0,0,50,0,0,0,0,EF_CLASS,255,EF_MPADD,20,EF_REFLEVEL,4,EF_STR,150,EF_DEX,150,EF_INT,150,EF_CON,150,EF_HWORDGUILD,20,EF_TRANS,3,EF_NOTRADE,1,0.0.0.0
5758,Bahamut_Physical_Strength_necklace,0.0,0.0.0.0.0,0,10000000,65536,10000,0,0,50,0,0,0,0,EF_CLASS,255,EF_HPADD,20,EF_REFLEVEL,4,EF_STR,150,EF_DEX,150,EF_INT,150,EF_CON,150,EF_HWORDGUILD,20,EF_TRANS,3,EF_NOTRADE,1,0.0.0.0
5759,Bahamut_Dexterity_necklace,0.0,0.0.0.0.0,0,10000000,65536,10000,0,0,50,0,0,0,0,EF_CLASS,255,EF_ATTSPEED,250,EF_REFLEVEL,4,EF_STR,150,EF_DEX,150,EF_INT,150,EF_CON,150,EF_HWORDGUILD,20,EF_TRANS,3,EF_NOTRADE,1,0.0.0.0
5760,Bahamut_Magical_necklace,0.0,0.0.0.0.0,0,10000000,65536,10000,0,0,50,0,0,0,0,EF_CLASS,255,EF_MAGIC,12,EF_REFLEVEL,4,EF_STR,150,EF_DEX,150,EF_INT,150,EF_CON,150,EF_HWORDGUILD,20,EF_TRANS,3,EF_NOTRADE,1,0.0.0.0
5761,Bahamut_Power_necklace,0.0,0.0.0.0.0,0,10000000,65536,10000,0,0,50,0,0,0,0,EF_CLASS,255,EF_DAMAGE,54,EF_REFLEVEL,4,EF_STR,150,EF_DEX,150,EF_INT,150,EF_CON,150,EF_HWORDGUILD,20,EF_TRANS,3,EF_NOTRADE,1,0.0.0.0
5762,Bahamut_Madness_necklace,0.0,0.0.0.0.0,0,10000000,65536,10000,0,0,50,0,0,0,0,EF_CLASS,255,EF_LTOTKILL,16,EF_REFLEVEL,5,EF_STR,150,EF_DEX,150,EF_INT,150,EF_CON,150,EF_HWORDGUILD,20,EF_TRANS,3,EF_NOTRADE,1,0.0.0.0
5763,Bahamut_Guardian_necklace,0.0,0.0.0.0.0,0,10000000,65536,10000,0,0,50,0,0,0,0,EF_CLASS,255,EF_HTOTKILL,14,EF_REFLEVEL,5,EF_STR,150,EF_DEX,150,EF_INT,150,EF_CON,150,EF_HWORDGUILD,20,EF_TRANS,3,EF_NOTRADE,1,0.0.0.0
5771,Old_Mana_necklace,0.0,0.0.0.0.0,0,10000,65536,10000,0,0,0,0,0,0,0,EF_CLASS,255,EF_REFLEVEL,5,EF_AC,50,EF_MPADD,10,0.0.0.0
5772,Old_Physical_Strength_necklace,0.0,0.0.0.0.0,0,10000,65536,10000,0,0,0,0,0,0,0,EF_CLASS,255,EF_REFLEVEL,5,EF_AC,50,EF_HPADD,10,0.0.0.0
5773,Old_Resistance_necklace,0.0,0.0.0.0.0,0,10000,65536,10000,0,0,0,0,0,0,0,EF_CLASS,255,EF_REFLEVEL,5,EF_AC,50,EF_RESISTALL,10,0.0.0.0
5774,Old_Magical_necklace,0.0,0.0.0.0.0,0,10000,65536,10000,0,0,0,0,0,0,0,EF_CLASS,255,EF_REFLEVEL,5,EF_AC,50,EF_MAGIC,10,0.0.0.0
5775,Old_Power_necklace,0.0,0.0.0.0.0,0,10000,65536,10000,0,0,0,0,0,0,0,EF_CLASS,255,EF_REFLEVEL,5,EF_AC,50,EF_DAMAGE,45,0.0.0.0
5776,Old_Madness_necklace,0.0,0.0.0.0.0,0,10000,65536,10000,0,0,0,0,0,0,0,EF_CLASS,255,EF_REFLEVEL,5,EF_AC,60,EF_LTOTKILL,8,0.0.0.0
5811,Bahamut_Mana's_earing,0.0,151.0.0.0.0,0,125000,256,0,0,0,0,0,0,0,0,EF_CLASS,255,EF_MPADD,400,EF_HWORDGUILD,20,EF_LWORDGUILD,20,EF_REFLEVEL,5,EF_NOTRADE,1,0.0.0.0
5812,Bahamut_Physical_Strength_earing,0.0,159.0.0.0.0,0,125000,256,0,0,0,0,0,0,0,0,EF_CLASS,255,EF_HPADD,400,EF_HWORDGUILD,20,EF_LWORDGUILD,20,EF_REFLEVEL,5,EF_NOTRADE,1,0.0.0.0
5813,Bahamut_Dexterity_earing,0.0,159.0.0.0.0,0,125000,256,0,0,0,0,0,0,0,0,EF_CLASS,255,EF_ATTSPEED,210,EF_HWORDGUILD,20,EF_LWORDGUILD,20,EF_REFLEVEL,5,EF_NOTRADE,1,0.0.0.0
5814,Bahamut_Magical_earing,0.0,151.0.0.0.0,0,125000,256,0,0,0,0,0,0,0,0,EF_CLASS,255,EF_MAGIC,24,EF_HPADD,25,EF_MPADD,10,EF_STR,125,EF_DEX,125,EF_INT,125,EF_CON,125,EF_LWORDGUILD,20,EF_REFLEVEL,5,EF_NOTRADE,1,EF_TRANS,3,0.0.0.0
5815,Bahamut_Power_earing,0.0,151.0.0.0.0,0,125000,256,0,0,0,0,0,0,0,0,EF_CLASS,255,EF_DAMAGE,100,EF_HPADD,25,EF_MPADD,10,EF_STR,125,EF_DEX,125,EF_INT,125,EF_CON,125,EF_LWORDGUILD,20,EF_REFLEVEL,5,EF_NOTRADE,1,EF_TRANS,3,0.0.0.0
5902,Soul_Fragment,2874.0,0.0.0.0.0,0,1000000,0,0,0,0,0,0,0,0,0,EF_NEWVALUE93,1,0.1.0.0
5903,Royal_Arena_Coupon,0.0,0.0.0.0.0,0,0,0,0,0,0,0,0,0,0,0,EF_NOTRADE,1,0.1.0.0
5904,Royal_Arena_Ticket,0.0,0.0.0.0.0,0,0,0,0,0,0,0,0,0,0,0,0.1.0.0
5905,Sephirot_Blessing,0.0,0.0.0.0.0,0,0,0,0,0,0,0,0,0,0,0,EF_VOLATILE,0,EF_NOTRADE,0,0.0.0.0
5906,RedDragon_scale,0.0,0.0.0.0.0,0,0,0,0,0,0,0,0,0,0,0,0.1.0.0
5907,BlueDragon_scale,0.0,0.0.0.0.0,0,0,0,0,0,0,0,0,0,0,0,0.1.0.0
5909,Bless_Stabilizer,0.0,0.0.0.0.0,0,0,0,0,0,0,0,0,0,0,0,EF_NEWVALUE93,1,0.1.0.0
5911,Essence_of_the_gods,0.0,0.0.0.0.0,0,0,1,0,0,0,0,0,0,0,0,0.0.0.0
5912,Valkyrie_Emblem,0.0,0.0.0.0.0,0,0,0,0,0,0,0,0,0,0,0,0.0.0.0
5913,Amunra_Crystal,0.0,0.0.0.0.0,0,0,0,0,0,0,0,0,0,0,0,EF_NOTRADE,1,EF_NEWVALUE93,1,0.1.0.0
5914,GuildCoin,0.0,0.0.0.0.0,0,0,0,0,0,0,0,0,0,0,0,EF_NOTRADE,3,0.1.0.0
5916,Guild_Amulet,2861.0,150.0.0.0.0,0,150000,512,0,22,0,0,0,0,0,0,EF_CLASS,255,EF_SPECIALALL,15,EF_REFLEVEL,5,EF_HPADD,10,EF_MPADD,10,EF_SPECIAL1,15,EF_NOTRADE,1,0.0.0.0
5917,Red_Flag,0.0,0.0.0.0.0,0,0,0,0,0,0,0,0,0,0,0,EF_NOTRADE,2,0.1.0.0
5918,Blue_Flag,0.0,0.0.0.0.0,0,0,0,0,0,0,0,0,0,0,0,EF_NOTRADE,2,0.1.0.0
5921,Bahamut_Crystal,0.0,0.0.0.0.0,0,0,0,0,0,0,0,0,0,0,0,EF_NOTRADE,1,0.1.0.0
5951,Jackal's_Feed,967.0,0.0.0.0.0,0,50000,0,0,0,0,0,0,0,0,20,EF_VOLATILE,15,EF_AMOUNT,5,0.10.0.0
6402,Coin_of_Life,2870.0,0.0.0.0.0,0,0,0,0,0,0,0,0,0,51,0,EF_CLASS,255,EF_NOTRADE,1,0.1.0.0
